from,to,year,value
TOTAL,ALB,1990,0.0
TOTAL,ALB,1991,0.0
TOTAL,ALB,1992,0.0
TOTAL,ALB,1993,0.0
TOTAL,ALB,1994,0.0
TOTAL,ALB,1995,0.0
TOTAL,ALB,1996,0.0
TOTAL,ALB,1997,0.0
TOTAL,ALB,1998,0.0
TOTAL,ALB,1999,0.0
TOTAL,ALB,2000,0.0
TOTAL,ALB,2001,0.0
TOTAL,ALB,2002,0.0
TOTAL,ALB,2003,0.0
TOTAL,ALB,2004,0.0
TOTAL,ALB,2005,0.0
TOTAL,ALB,2006,0.0
TOTAL,ALB,2007,0.0
TOTAL,ALB,2008,0.0
TOTAL,ALB,2009,0.0
TOTAL,ALB,2010,0.0
TOTAL,ALB,2011,0.0
TOTAL,ALB,2012,0.0
TOTAL,ALB,2013,0.0
TOTAL,ALB,2014,0.0
TOTAL,ALB,2015,0.0
TOTAL,ALB,2016,0.0
TOTAL,ALB,2017,0.0
TOTAL,ALB,2018,0.0
TOTAL,ALB,2019,0.0
TOTAL,ALB,2020,0.0
TOTAL,AUT,1990,208797.0
TOTAL,AUT,1991,204599.0
TOTAL,AUT,1992,204274.0
TOTAL,AUT,1993,215218.0
TOTAL,AUT,1994,199367.0
TOTAL,AUT,1995,254571.0
TOTAL,AUT,1996,262866.0
TOTAL,AUT,1997,241012.0
TOTAL,AUT,1998,248898.0
TOTAL,AUT,1999,243872.0
TOTAL,AUT,2000,247538.0
TOTAL,AUT,2001,250658.0
TOTAL,AUT,2002,260885.0
TOTAL,AUT,2003,325261.0
TOTAL,AUT,2004,339684.0
TOTAL,AUT,2005,373822.001
TOTAL,AUT,2006,409720.063
TOTAL,AUT,2007,379606.065
TOTAL,AUT,2008,388691.067
TOTAL,AUT,2009,407906.069
TOTAL,AUT,2010,474049.0
TOTAL,AUT,2011,510952.999
TOTAL,AUT,2012,541127.998
TOTAL,AUT,2013,396670.999
TOTAL,AUT,2014,388129.243
TOTAL,AUT,2015,456859.409
TOTAL,AUT,2016,557057.893
TOTAL,AUT,2017,536865.0
TOTAL,AUT,2018,503400.001
TOTAL,AUT,2019,547204.0
TOTAL,AUT,2020,636210.0
TOTAL,BIH,2014,7063.0
TOTAL,BIH,2015,8254.0
TOTAL,BIH,2016,8592.0
TOTAL,BIH,2017,9292.0
TOTAL,BIH,2018,9261.0
TOTAL,BIH,2019,8745.0
TOTAL,BIH,2020,7977.0
TOTAL,BEL,1990,382255.0
TOTAL,BEL,1991,402887.0
TOTAL,BEL,1992,425078.0
TOTAL,BEL,1993,440441.0
TOTAL,BEL,1994,454803.0
TOTAL,BEL,1995,484665.0
TOTAL,BEL,1996,552602.0
TOTAL,BEL,1997,524752.0
TOTAL,BEL,1998,578325.0
TOTAL,BEL,1999,627007.0
TOTAL,BEL,2000,617685.0
TOTAL,BEL,2001,610993.0
TOTAL,BEL,2002,635134.0
TOTAL,BEL,2003,662591.0
TOTAL,BEL,2004,677290.0
TOTAL,BEL,2005,689306.0
TOTAL,BEL,2006,699213.0
TOTAL,BEL,2007,693125.0
TOTAL,BEL,2008,720653.0
TOTAL,BEL,2009,836911.0
TOTAL,BEL,2010,909253.0
TOTAL,BEL,2011,830375.0
TOTAL,BEL,2012,709784.0
TOTAL,BEL,2013,714074.0
TOTAL,BEL,2014,627508.6
TOTAL,BEL,2015,710627.3
TOTAL,BEL,2016,692530.8
TOTAL,BEL,2017,678308.7
TOTAL,BEL,2018,755349.2
TOTAL,BEL,2019,894029.0
TOTAL,BEL,2020,832496.4
TOTAL,BGR,1990,252614.0
TOTAL,BGR,1991,209228.0
TOTAL,BGR,1992,188931.0
TOTAL,BGR,1993,175690.0
TOTAL,BGR,1994,173913.0
TOTAL,BGR,1995,212258.0
TOTAL,BGR,1996,220040.0
TOTAL,BGR,1997,179192.0
TOTAL,BGR,1998,145145.0
TOTAL,BGR,1999,128240.0
TOTAL,BGR,2000,127563.0
TOTAL,BGR,2001,127044.0
TOTAL,BGR,2002,116222.0
TOTAL,BGR,2003,109593.0
TOTAL,BGR,2004,111129.0
TOTAL,BGR,2005,114340.0
TOTAL,BGR,2006,121355.0
TOTAL,BGR,2007,128088.0
TOTAL,BGR,2008,130460.0
TOTAL,BGR,2009,99130.0
TOTAL,BGR,2010,99133.0
TOTAL,BGR,2011,105337.0
TOTAL,BGR,2012,95029.0
TOTAL,BGR,2013,103540.0
TOTAL,BGR,2014,103460.0
TOTAL,BGR,2015,117186.0
TOTAL,BGR,2016,120650.0
TOTAL,BGR,2017,126672.523
TOTAL,BGR,2018,120455.3
TOTAL,BGR,2019,114340.926
TOTAL,BGR,2020,113216.607
TOTAL,CYP,1990,0.0
TOTAL,CYP,1991,0.0
TOTAL,CYP,1992,0.0
TOTAL,CYP,1993,0.0
TOTAL,CYP,1994,0.0
TOTAL,CYP,1995,0.0
TOTAL,CYP,1996,0.0
TOTAL,CYP,1997,0.0
TOTAL,CYP,1998,0.0
TOTAL,CYP,1999,0.0
TOTAL,CYP,2000,0.0
TOTAL,CYP,2001,0.0
TOTAL,CYP,2002,0.0
TOTAL,CYP,2003,0.0
TOTAL,CYP,2004,0.0
TOTAL,CYP,2005,0.0
TOTAL,CYP,2006,0.0
TOTAL,CYP,2007,0.0
TOTAL,CYP,2008,0.0
TOTAL,CYP,2009,0.0
TOTAL,CYP,2010,0.0
TOTAL,CYP,2011,0.0
TOTAL,CYP,2012,0.0
TOTAL,CYP,2013,0.0
TOTAL,CYP,2014,0.0
TOTAL,CYP,2015,0.0
TOTAL,CYP,2016,0.0
TOTAL,CYP,2017,0.0
TOTAL,CYP,2018,0.0
TOTAL,CYP,2019,0.0
TOTAL,CYP,2020,0.0
TOTAL,CZE,1990,222627.0
TOTAL,CZE,1991,256209.0
TOTAL,CZE,1992,254451.0
TOTAL,CZE,1993,264378.0
TOTAL,CZE,1994,270496.0
TOTAL,CZE,1995,298871.0
TOTAL,CZE,1996,351241.0
TOTAL,CZE,1997,354110.0
TOTAL,CZE,1998,354193.0
TOTAL,CZE,1999,346211.0
TOTAL,CZE,2000,348100.0
TOTAL,CZE,2001,359894.0
TOTAL,CZE,2002,368354.0
TOTAL,CZE,2003,360045.0
TOTAL,CZE,2004,333350.0
TOTAL,CZE,2005,353726.0
TOTAL,CZE,2006,372152.0
TOTAL,CZE,2007,317899.0
TOTAL,CZE,2008,330143.0
TOTAL,CZE,2009,330292.0
TOTAL,CZE,2010,324541.0
TOTAL,CZE,2011,355528.0
TOTAL,CZE,2012,284123.0
TOTAL,CZE,2013,324154.0
TOTAL,CZE,2014,276915.0
TOTAL,CZE,2015,286767.0
TOTAL,CZE,2016,312387.0
TOTAL,CZE,2017,341211.0
TOTAL,CZE,2018,307193.654
TOTAL,CZE,2019,365476.39
TOTAL,CZE,2020,291223.427
TOTAL,DEU,1990,1985817.0
TOTAL,DEU,1991,2063657.0
TOTAL,DEU,1992,2115799.0
TOTAL,DEU,1993,2265243.0
TOTAL,DEU,1994,2375961.0
TOTAL,DEU,1995,2573617.0
TOTAL,DEU,1996,2919984.0
TOTAL,DEU,1997,2845235.0
TOTAL,DEU,1998,2760192.0
TOTAL,DEU,1999,2865234.0
TOTAL,DEU,2000,2841697.0
TOTAL,DEU,2001,2951423.0
TOTAL,DEU,2002,3063709.0
TOTAL,DEU,2003,3273685.0
TOTAL,DEU,2004,3525341.0
TOTAL,DEU,2005,3670436.0
TOTAL,DEU,2006,3627582.0
TOTAL,DEU,2007,3376370.0
TOTAL,DEU,2008,3538495.0
TOTAL,DEU,2009,3417555.0
TOTAL,DEU,2010,3665881.0
TOTAL,DEU,2011,3495078.0
TOTAL,DEU,2012,3446585.0
TOTAL,DEU,2013,3812138.0
TOTAL,DEU,2014,3504877.0
TOTAL,DEU,2015,3996950.0
TOTAL,DEU,2016,3796620.0
TOTAL,DEU,2017,4453882.005
TOTAL,DEU,2018,3281120.277
TOTAL,DEU,2019,3520264.903
TOTAL,DEU,2020,3092272.826
TOTAL,DNK,1990,0.0
TOTAL,DNK,1991,0.0
TOTAL,DNK,1992,0.0
TOTAL,DNK,1993,0.0
TOTAL,DNK,1994,0.0
TOTAL,DNK,1995,0.0
TOTAL,DNK,1996,0.0
TOTAL,DNK,1997,0.0
TOTAL,DNK,1998,0.0
TOTAL,DNK,1999,0.0
TOTAL,DNK,2000,0.0
TOTAL,DNK,2001,0.0
TOTAL,DNK,2002,0.0
TOTAL,DNK,2003,0.0
TOTAL,DNK,2004,0.0
TOTAL,DNK,2005,0.0
TOTAL,DNK,2006,0.0
TOTAL,DNK,2007,0.0
TOTAL,DNK,2008,0.0
TOTAL,DNK,2009,0.0
TOTAL,DNK,2010,6328.0
TOTAL,DNK,2011,34967.0
TOTAL,DNK,2012,38228.0
TOTAL,DNK,2013,55984.0
TOTAL,DNK,2014,26024.012
TOTAL,DNK,2015,27567.281
TOTAL,DNK,2016,28510.896
TOTAL,DNK,2017,21678.041
TOTAL,DNK,2018,16184.222
TOTAL,DNK,2019,46506.113
TOTAL,DNK,2020,103034.296
TOTAL,EST,1990,56861.0
TOTAL,EST,1991,57095.0
TOTAL,EST,1992,33381.0
TOTAL,EST,1993,16546.0
TOTAL,EST,1994,23763.0
TOTAL,EST,1995,27098.0
TOTAL,EST,1996,29884.0
TOTAL,EST,1997,29038.0
TOTAL,EST,1998,27560.0
TOTAL,EST,1999,26790.0
TOTAL,EST,2000,30797.0
TOTAL,EST,2001,33050.0
TOTAL,EST,2002,27714.0
TOTAL,EST,2003,31635.0
TOTAL,EST,2004,36032.0
TOTAL,EST,2005,37201.0
TOTAL,EST,2006,37595.0
TOTAL,EST,2007,37372.0
TOTAL,EST,2008,35844.0
TOTAL,EST,2009,24429.0
TOTAL,EST,2010,26168.0
TOTAL,EST,2011,23413.0
TOTAL,EST,2012,25372.0
TOTAL,EST,2013,25814.0
TOTAL,EST,2014,20262.0
TOTAL,EST,2015,18164.0
TOTAL,EST,2016,19923.0
TOTAL,EST,2017,19555.0
TOTAL,EST,2018,20014.0
TOTAL,EST,2019,18642.0
TOTAL,EST,2020,17202.0
TOTAL,GRC,1990,0.0
TOTAL,GRC,1991,0.0
TOTAL,GRC,1992,0.0
TOTAL,GRC,1993,0.0
TOTAL,GRC,1994,0.0
TOTAL,GRC,1995,0.0
TOTAL,GRC,1996,357.0
TOTAL,GRC,1997,6017.0
TOTAL,GRC,1998,32111.0
TOTAL,GRC,1999,56575.0
TOTAL,GRC,2000,78551.0
TOTAL,GRC,2001,77680.0
TOTAL,GRC,2002,81622.0
TOTAL,GRC,2003,93138.0
TOTAL,GRC,2004,101125.0
TOTAL,GRC,2005,108495.0
TOTAL,GRC,2006,126604.0
TOTAL,GRC,2007,155138.0
TOTAL,GRC,2008,163122.0
TOTAL,GRC,2009,137835.0
TOTAL,GRC,2010,150292.0
TOTAL,GRC,2011,184847.0
TOTAL,GRC,2012,170908.0
TOTAL,GRC,2013,150477.0
TOTAL,GRC,2014,114747.0
TOTAL,GRC,2015,124377.0
TOTAL,GRC,2016,161072.0
TOTAL,GRC,2017,196549.692
TOTAL,GRC,2018,192807.45
TOTAL,GRC,2019,207357.66
TOTAL,GRC,2020,232184.513
TOTAL,ESP,1990,171653.0
TOTAL,ESP,1991,204584.0
TOTAL,ESP,1992,225149.0
TOTAL,ESP,1993,236828.0
TOTAL,ESP,1994,301891.0
TOTAL,ESP,1995,349881.0
TOTAL,ESP,1996,386809.0
TOTAL,ESP,1997,536854.0
TOTAL,ESP,1998,560924.0
TOTAL,ESP,1999,646766.0
TOTAL,ESP,2000,719516.0
TOTAL,ESP,2001,736262.0
TOTAL,ESP,2002,880596.0
TOTAL,ESP,2003,984756.0
TOTAL,ESP,2004,1145112.0
TOTAL,ESP,2005,1407156.0
TOTAL,ESP,2006,1472224.0
TOTAL,ESP,2007,1465575.0
TOTAL,ESP,2008,1641119.0
TOTAL,ESP,2009,1478110.0
TOTAL,ESP,2010,1486539.0
TOTAL,ESP,2011,1436483.0
TOTAL,ESP,2012,1419084.0
TOTAL,ESP,2013,1436380.0
TOTAL,ESP,2014,1472594.0
TOTAL,ESP,2015,1311020.0
TOTAL,ESP,2016,1311571.0
TOTAL,ESP,2017,1401449.0
TOTAL,ESP,2018,1409177.0
TOTAL,ESP,2019,1506011.0
TOTAL,ESP,2020,1314814.0
TOTAL,FIN,1990,101546.0
TOTAL,FIN,1991,107331.0
TOTAL,FIN,1992,111241.0
TOTAL,FIN,1993,115511.0
TOTAL,FIN,1994,127720.0
TOTAL,FIN,1995,132093.0
TOTAL,FIN,1996,138037.0
TOTAL,FIN,1997,135221.0
TOTAL,FIN,1998,155171.0
TOTAL,FIN,1999,155283.0
TOTAL,FIN,2000,159584.0
TOTAL,FIN,2001,172861.0
TOTAL,FIN,2002,171783.0
TOTAL,FIN,2003,190461.0
TOTAL,FIN,2004,184222.0
TOTAL,FIN,2005,167783.0
TOTAL,FIN,2006,180742.0
TOTAL,FIN,2007,173583.0
TOTAL,FIN,2008,179672.0
TOTAL,FIN,2009,162064.0
TOTAL,FIN,2010,178502.0
TOTAL,FIN,2011,156304.0
TOTAL,FIN,2012,139799.0
TOTAL,FIN,2013,132901.0
TOTAL,FIN,2014,116925.0
TOTAL,FIN,2015,104042.0
TOTAL,FIN,2016,95787.0
TOTAL,FIN,2017,89099.0
TOTAL,FIN,2018,101361.0
TOTAL,FIN,2019,99553.0
TOTAL,FIN,2020,98580.0
TOTAL,FRA,1990,1147554.0
TOTAL,FRA,1991,1217725.0
TOTAL,FRA,1992,1281068.0
TOTAL,FRA,1993,1200654.0
TOTAL,FRA,1994,1249938.0
TOTAL,FRA,1995,1307646.0
TOTAL,FRA,1996,1410181.0
TOTAL,FRA,1997,1419433.0
TOTAL,FRA,1998,1434395.0
TOTAL,FRA,1999,1649710.0
TOTAL,FRA,2000,1696095.0
TOTAL,FRA,2001,1663132.0
TOTAL,FRA,2002,1744261.0
TOTAL,FRA,2003,1788025.0
TOTAL,FRA,2004,1857438.0
TOTAL,FRA,2005,1936328.0
TOTAL,FRA,2006,1867698.0
TOTAL,FRA,2007,1763524.0
TOTAL,FRA,2008,1865485.0
TOTAL,FRA,2009,1894275.0
TOTAL,FRA,2010,1959008.0
TOTAL,FRA,2011,2048061.914
TOTAL,FRA,2012,1970538.372
TOTAL,FRA,2013,1977863.469
TOTAL,FRA,2014,1869780.08
TOTAL,FRA,2015,1832028.575
TOTAL,FRA,2016,1918225.733
TOTAL,FRA,2017,2007600.132
TOTAL,FRA,2018,2041798.166
TOTAL,FRA,2019,2275007.484
TOTAL,FRA,2020,1917688.977
TOTAL,GEO,2013,76542.822
TOTAL,GEO,2014,87241.115
TOTAL,GEO,2015,99948.842
TOTAL,GEO,2016,90502.182
TOTAL,GEO,2017,95263.031
TOTAL,GEO,2018,94744.421
TOTAL,GEO,2019,107418.783
TOTAL,GEO,2020,107833.798
TOTAL,HRV,1990,26763.0
TOTAL,HRV,1991,30362.0
TOTAL,HRV,1992,27398.0
TOTAL,HRV,1993,30020.0
TOTAL,HRV,1994,28234.0
TOTAL,HRV,1995,10408.0
TOTAL,HRV,1996,33402.0
TOTAL,HRV,1997,39729.0
TOTAL,HRV,1998,41952.0
TOTAL,HRV,1999,42142.0
TOTAL,HRV,2000,42104.0
TOTAL,HRV,2001,41162.0
TOTAL,HRV,2002,41207.0
TOTAL,HRV,2003,43274.0
TOTAL,HRV,2004,40037.0
TOTAL,HRV,2005,43096.0
TOTAL,HRV,2006,42807.0
TOTAL,HRV,2007,40094.0
TOTAL,HRV,2008,45882.0
TOTAL,HRV,2009,39448.0
TOTAL,HRV,2010,40407.0
TOTAL,HRV,2011,33097.0
TOTAL,HRV,2012,51291.0
TOTAL,HRV,2013,47993.0
TOTAL,HRV,2014,43542.0
TOTAL,HRV,2015,40371.0
TOTAL,HRV,2016,48902.0
TOTAL,HRV,2017,70105.567
TOTAL,HRV,2018,61166.542
TOTAL,HRV,2019,77108.64
TOTAL,HRV,2020,82818.277
TOTAL,HUN,1990,241444.0
TOTAL,HUN,1991,231275.0
TOTAL,HUN,1992,191344.0
TOTAL,HUN,1993,221831.0
TOTAL,HUN,1994,210120.0
TOTAL,HUN,1995,257342.0
TOTAL,HUN,1996,337982.0
TOTAL,HUN,1997,304682.0
TOTAL,HUN,1998,329423.0
TOTAL,HUN,1999,340509.0
TOTAL,HUN,2000,341792.0
TOTAL,HUN,2001,362207.0
TOTAL,HUN,2002,404952.0
TOTAL,HUN,2003,462396.0
TOTAL,HUN,2004,431618.0
TOTAL,HUN,2005,456244.0
TOTAL,HUN,2006,438282.0
TOTAL,HUN,2007,398883.0
TOTAL,HUN,2008,433824.0
TOTAL,HUN,2009,367843.0
TOTAL,HUN,2010,368092.0
TOTAL,HUN,2011,306979.0
TOTAL,HUN,2012,313776.0
TOTAL,HUN,2013,314831.0
TOTAL,HUN,2014,345937.0
TOTAL,HUN,2015,264077.0
TOTAL,HUN,2016,336120.0
TOTAL,HUN,2017,519322.0
TOTAL,HUN,2018,494127.0
TOTAL,HUN,2019,724785.0
TOTAL,HUN,2020,473860.0
TOTAL,IRL,1990,0.0
TOTAL,IRL,1991,0.0
TOTAL,IRL,1992,0.0
TOTAL,IRL,1993,190.0
TOTAL,IRL,1994,106.0
TOTAL,IRL,1995,3946.0
TOTAL,IRL,1996,22489.0
TOTAL,IRL,1997,40261.0
TOTAL,IRL,1998,64933.0
TOTAL,IRL,1999,88099.0
TOTAL,IRL,2000,115259.0
TOTAL,IRL,2001,136078.0
TOTAL,IRL,2002,139612.0
TOTAL,IRL,2003,145769.0
TOTAL,IRL,2004,137684.0
TOTAL,IRL,2005,140007.0
TOTAL,IRL,2006,167522.632
TOTAL,IRL,2007,182153.143
TOTAL,IRL,2008,193800.742
TOTAL,IRL,2009,186662.313
TOTAL,IRL,2010,208403.258
TOTAL,IRL,2011,183928.022
TOTAL,IRL,2012,178557.098
TOTAL,IRL,2013,172594.0
TOTAL,IRL,2014,167088.688
TOTAL,IRL,2015,168442.0
TOTAL,IRL,2016,79082.0
TOTAL,IRL,2017,65565.095
TOTAL,IRL,2018,80961.25
TOTAL,IRL,2019,112418.229
TOTAL,IRL,2020,135059.0
TOTAL,ISL,1990,0.0
TOTAL,ISL,1991,0.0
TOTAL,ISL,1992,0.0
TOTAL,ISL,1993,0.0
TOTAL,ISL,1994,0.0
TOTAL,ISL,1995,0.0
TOTAL,ISL,1996,0.0
TOTAL,ISL,1997,0.0
TOTAL,ISL,1998,0.0
TOTAL,ISL,1999,0.0
TOTAL,ISL,2000,0.0
TOTAL,ISL,2001,0.0
TOTAL,ISL,2002,0.0
TOTAL,ISL,2003,0.0
TOTAL,ISL,2004,0.0
TOTAL,ISL,2005,0.0
TOTAL,ISL,2006,0.0
TOTAL,ISL,2007,0.0
TOTAL,ISL,2008,0.0
TOTAL,ISL,2009,0.0
TOTAL,ISL,2010,0.0
TOTAL,ISL,2011,0.0
TOTAL,ISL,2012,0.0
TOTAL,ISL,2013,0.0
TOTAL,ISL,2014,0.0
TOTAL,ISL,2015,0.0
TOTAL,ISL,2016,0.0
TOTAL,ISL,2017,0.0
TOTAL,ISL,2018,0.0
TOTAL,ISL,2019,0.0
TOTAL,ISL,2020,0.0
TOTAL,ITA,1990,1178158.0
TOTAL,ITA,1991,1281368.0
TOTAL,ITA,1992,1316877.0
TOTAL,ITA,1993,1245746.0
TOTAL,ITA,1994,1127177.0
TOTAL,ITA,1995,1328676.0
TOTAL,ITA,1996,1417359.0
TOTAL,ITA,1997,1489138.0
TOTAL,ITA,1998,1624813.0
TOTAL,ITA,1999,1885340.0
TOTAL,ITA,2000,2188731.0
TOTAL,ITA,2001,2086927.0
TOTAL,ITA,2002,2259025.0
TOTAL,ITA,2003,2392454.0
TOTAL,ITA,2004,2587295.0
TOTAL,ITA,2005,2798826.0
TOTAL,ITA,2006,2948903.0
TOTAL,ITA,2007,2817495.0
TOTAL,ITA,2008,2928634.0
TOTAL,ITA,2009,2638433.0
TOTAL,ITA,2010,2870987.0
TOTAL,ITA,2011,2681059.0
TOTAL,ITA,2012,2580323.0
TOTAL,ITA,2013,2360905.0
TOTAL,ITA,2014,2124342.0
TOTAL,ITA,2015,2334234.0
TOTAL,ITA,2016,2487320.0
TOTAL,ITA,2017,2653666.448
TOTAL,ITA,2018,2585940.193
TOTAL,ITA,2019,2707586.218
TOTAL,ITA,2020,2529566.823
TOTAL,LIE,2017,955.0
TOTAL,LIE,2019,998.0
TOTAL,LIE,2020,962.2
TOTAL,LTU,1990,224397.0
TOTAL,LTU,1991,225277.0
TOTAL,LTU,1992,128699.0
TOTAL,LTU,1993,69604.0
TOTAL,LTU,1994,80526.0
TOTAL,LTU,1995,94366.0
TOTAL,LTU,1996,100884.0
TOTAL,LTU,1997,93134.0
TOTAL,LTU,1998,81578.0
TOTAL,LTU,1999,84961.0
TOTAL,LTU,2000,96042.0
TOTAL,LTU,2001,99762.0
TOTAL,LTU,2002,100878.0
TOTAL,LTU,2003,109550.0
TOTAL,LTU,2004,108989.0
TOTAL,LTU,2005,115955.0
TOTAL,LTU,2006,115342.0
TOTAL,LTU,2007,138425.0
TOTAL,LTU,2008,116284.0
TOTAL,LTU,2009,101849.0
TOTAL,LTU,2010,115580.0
TOTAL,LTU,2011,126781.0
TOTAL,LTU,2012,123541.0
TOTAL,LTU,2013,100731.0
TOTAL,LTU,2014,100049.0
TOTAL,LTU,2015,99602.0
TOTAL,LTU,2016,87896.0
TOTAL,LTU,2017,96757.0
TOTAL,LTU,2018,88715.0
TOTAL,LTU,2019,106877.0
TOTAL,LTU,2020,110833.0
TOTAL,LUX,1990,19981.0
TOTAL,LUX,1991,20789.0
TOTAL,LUX,1992,21669.0
TOTAL,LUX,1993,22509.0
TOTAL,LUX,1994,22712.0
TOTAL,LUX,1995,25916.0
TOTAL,LUX,1996,28430.0
TOTAL,LUX,1997,29131.0
TOTAL,LUX,1998,29434.0
TOTAL,LUX,1999,30517.0
TOTAL,LUX,2000,31231.007
TOTAL,LUX,2001,34718.0
TOTAL,LUX,2002,49629.0
TOTAL,LUX,2003,50238.0
TOTAL,LUX,2004,55632.0
TOTAL,LUX,2005,54720.0
TOTAL,LUX,2006,57237.241
TOTAL,LUX,2007,53426.135
TOTAL,LUX,2008,50856.7
TOTAL,LUX,2009,51751.752
TOTAL,LUX,2010,55665.215
TOTAL,LUX,2011,48021.103
TOTAL,LUX,2012,48894.887
TOTAL,LUX,2013,41398.282
TOTAL,LUX,2014,39223.618
TOTAL,LUX,2015,35770.957
TOTAL,LUX,2016,32988.073
TOTAL,LUX,2017,32244.572
TOTAL,LUX,2018,31802.531
TOTAL,LUX,2019,31822.352
TOTAL,LUX,2020,28901.447
TOTAL,LVA,1990,124787.0
TOTAL,LVA,1991,111630.0
TOTAL,LVA,1992,99298.0
TOTAL,LVA,1993,35309.0
TOTAL,LVA,1994,37797.0
TOTAL,LVA,1995,46490.0
TOTAL,LVA,1996,40284.0
TOTAL,LVA,1997,48755.0
TOTAL,LVA,1998,51124.0
TOTAL,LVA,1999,47709.0
TOTAL,LVA,2000,51790.0
TOTAL,LVA,2001,50565.0
TOTAL,LVA,2002,53210.0
TOTAL,LVA,2003,65403.0
TOTAL,LVA,2004,80880.0
TOTAL,LVA,2005,66710.0
TOTAL,LVA,2006,71174.0
TOTAL,LVA,2007,61201.0
TOTAL,LVA,2008,50953.0
TOTAL,LVA,2009,65117.0
TOTAL,LVA,2010,42014.0
TOTAL,LVA,2011,65579.0
TOTAL,LVA,2012,64115.0
TOTAL,LVA,2013,64778.0
TOTAL,LVA,2014,36291.0
TOTAL,LVA,2015,50364.0
TOTAL,LVA,2016,42930.0
TOTAL,LVA,2017,47111.076
TOTAL,LVA,2018,53749.935
TOTAL,LVA,2019,51343.214
TOTAL,LVA,2020,42387.034
TOTAL,MDA,2010,40218.0
TOTAL,MDA,2011,39009.0
TOTAL,MDA,2012,37091.0
TOTAL,MDA,2013,34921.0
TOTAL,MDA,2014,35655.0
TOTAL,MDA,2015,34146.0
TOTAL,MDA,2016,35159.0
TOTAL,MDA,2017,35006.0
TOTAL,MDA,2018,38250.0
TOTAL,MDA,2019,35201.0
TOTAL,MDA,2020,35764.0
TOTAL,MNE,2005,0.0
TOTAL,MNE,2006,0.0
TOTAL,MNE,2007,0.0
TOTAL,MNE,2008,0.0
TOTAL,MNE,2009,0.0
TOTAL,MNE,2010,0.0
TOTAL,MNE,2011,0.0
TOTAL,MNE,2012,0.0
TOTAL,MNE,2013,0.0
TOTAL,MNE,2014,0.0
TOTAL,MNE,2015,0.0
TOTAL,MNE,2016,0.0
TOTAL,MNE,2017,0.0
TOTAL,MNE,2018,0.0
TOTAL,MNE,2019,0.0
TOTAL,MNE,2020,0.0
TOTAL,MKD,1990,0.0
TOTAL,MKD,1991,0.0
TOTAL,MKD,1992,0.0
TOTAL,MKD,1993,0.0
TOTAL,MKD,1994,0.0
TOTAL,MKD,1995,0.0
TOTAL,MKD,1996,0.0
TOTAL,MKD,1997,0.0
TOTAL,MKD,1998,829.0
TOTAL,MKD,1999,1563.0
TOTAL,MKD,2000,2499.0
TOTAL,MKD,2001,3346.0
TOTAL,MKD,2002,3477.0
TOTAL,MKD,2003,3092.0
TOTAL,MKD,2004,2725.0
TOTAL,MKD,2005,2902.0
TOTAL,MKD,2006,3136.0
TOTAL,MKD,2007,3988.0
TOTAL,MKD,2008,4529.0
TOTAL,MKD,2009,2997.0
TOTAL,MKD,2010,4449.0
TOTAL,MKD,2011,5131.0
TOTAL,MKD,2012,5325.0
TOTAL,MKD,2013,6031.0
TOTAL,MKD,2014,5164.0
TOTAL,MKD,2015,5210.0
TOTAL,MKD,2016,8190.0
TOTAL,MKD,2017,10541.0
TOTAL,MKD,2018,9721.0
TOTAL,MKD,2019,11353.0
TOTAL,MKD,2020,12967.0
TOTAL,MLT,1990,0.0
TOTAL,MLT,1991,0.0
TOTAL,MLT,1992,0.0
TOTAL,MLT,1993,0.0
TOTAL,MLT,1994,0.0
TOTAL,MLT,1995,0.0
TOTAL,MLT,1996,0.0
TOTAL,MLT,1997,0.0
TOTAL,MLT,1998,0.0
TOTAL,MLT,1999,0.0
TOTAL,MLT,2000,0.0
TOTAL,MLT,2001,0.0
TOTAL,MLT,2002,0.0
TOTAL,MLT,2003,0.0
TOTAL,MLT,2004,0.0
TOTAL,MLT,2005,0.0
TOTAL,MLT,2006,0.0
TOTAL,MLT,2007,0.0
TOTAL,MLT,2008,0.0
TOTAL,MLT,2009,0.0
TOTAL,MLT,2010,0.0
TOTAL,MLT,2011,0.0
TOTAL,MLT,2012,0.0
TOTAL,MLT,2013,0.0
TOTAL,MLT,2014,0.0
TOTAL,MLT,2015,0.0
TOTAL,MLT,2016,0.0
TOTAL,MLT,2017,11829.264
TOTAL,MLT,2018,14918.907
TOTAL,MLT,2019,14760.775
TOTAL,MLT,2020,14236.959
TOTAL,NLD,1990,94556.0
TOTAL,NLD,1991,81444.0
TOTAL,NLD,1992,98444.0
TOTAL,NLD,1993,122778.0
TOTAL,NLD,1994,122444.0
TOTAL,NLD,1995,128444.0
TOTAL,NLD,1996,189778.0
TOTAL,NLD,1997,240667.0
TOTAL,NLD,1998,240222.0
TOTAL,NLD,1999,360556.0
TOTAL,NLD,2000,580333.0
TOTAL,NLD,2001,712778.0
TOTAL,NLD,2002,891889.0
TOTAL,NLD,2003,849222.0
TOTAL,NLD,2004,628111.0
TOTAL,NLD,2005,764667.0
TOTAL,NLD,2006,839222.0
TOTAL,NLD,2007,869889.0
TOTAL,NLD,2008,882000.0
TOTAL,NLD,2009,855667.0
TOTAL,NLD,2010,858333.0
TOTAL,NLD,2011,799444.0
TOTAL,NLD,2012,934889.0
TOTAL,NLD,2013,1014556.0
TOTAL,NLD,2014,1038556.0
TOTAL,NLD,2015,1356495.759
TOTAL,NLD,2016,1530302.318
TOTAL,NLD,2017,1808155.684
TOTAL,NLD,2018,2030149.197
TOTAL,NLD,2019,1976603.948
TOTAL,NLD,2020,1993688.851
TOTAL,NOR,1990,0.0
TOTAL,NOR,1991,0.0
TOTAL,NOR,1992,0.0
TOTAL,NOR,1993,0.0
TOTAL,NOR,1994,0.0
TOTAL,NOR,1995,0.0
TOTAL,NOR,1996,0.0
TOTAL,NOR,1997,0.0
TOTAL,NOR,1998,0.0
TOTAL,NOR,1999,0.0
TOTAL,NOR,2000,0.0
TOTAL,NOR,2001,0.0
TOTAL,NOR,2002,0.0
TOTAL,NOR,2003,0.0
TOTAL,NOR,2004,0.0
TOTAL,NOR,2005,0.0
TOTAL,NOR,2006,0.0
TOTAL,NOR,2007,0.0
TOTAL,NOR,2008,0.0
TOTAL,NOR,2009,0.0
TOTAL,NOR,2010,237.0
TOTAL,NOR,2011,54.0
TOTAL,NOR,2012,24.0
TOTAL,NOR,2013,0.0
TOTAL,NOR,2014,0.0
TOTAL,NOR,2015,0.0
TOTAL,NOR,2016,0.0
TOTAL,NOR,2017,0.0
TOTAL,NOR,2018,360.539
TOTAL,NOR,2019,1057.288
TOTAL,NOR,2020,1325.902
TOTAL,POL,1990,315104.0
TOTAL,POL,1991,265645.0
TOTAL,POL,1992,248080.0
TOTAL,POL,1993,217866.0
TOTAL,POL,1994,232581.0
TOTAL,POL,1995,271470.0
TOTAL,POL,1996,294565.0
TOTAL,POL,1997,307719.0
TOTAL,POL,1998,301795.0
TOTAL,POL,1999,291046.0
TOTAL,POL,2000,308917.0
TOTAL,POL,2001,335498.0
TOTAL,POL,2002,312390.0
TOTAL,POL,2003,350607.0
TOTAL,POL,2004,379467.0
TOTAL,POL,2005,398547.0
TOTAL,POL,2006,415736.0
TOTAL,POL,2007,385427.0
TOTAL,POL,2008,425945.0
TOTAL,POL,2009,379452.0
TOTAL,POL,2010,414583.0
TOTAL,POL,2011,449540.0
TOTAL,POL,2012,467218.0
TOTAL,POL,2013,477723.0
TOTAL,POL,2014,451673.0
TOTAL,POL,2015,464842.0
TOTAL,POL,2016,566852.0
TOTAL,POL,2017,606014.319
TOTAL,POL,2018,608366.64
TOTAL,POL,2019,672988.156
TOTAL,POL,2020,673200.874
TOTAL,PRT,1990,0.0
TOTAL,PRT,1991,0.0
TOTAL,PRT,1992,0.0
TOTAL,PRT,1993,0.0
TOTAL,PRT,1994,0.0
TOTAL,PRT,1995,0.0
TOTAL,PRT,1996,0.0
TOTAL,PRT,1997,4616.0
TOTAL,PRT,1998,32434.0
TOTAL,PRT,1999,90866.0
TOTAL,PRT,2000,94864.0
TOTAL,PRT,2001,104769.0
TOTAL,PRT,2002,126847.0
TOTAL,PRT,2003,122968.0
TOTAL,PRT,2004,153733.0
TOTAL,PRT,2005,181102.0
TOTAL,PRT,2006,170340.0
TOTAL,PRT,2007,174947.0
TOTAL,PRT,2008,192795.0
TOTAL,PRT,2009,198472.0
TOTAL,PRT,2010,209571.0
TOTAL,PRT,2011,210887.0
TOTAL,PRT,2012,182460.0
TOTAL,PRT,2013,177377.0
TOTAL,PRT,2014,161638.0
TOTAL,PRT,2015,189121.0
TOTAL,PRT,2016,198228.0
TOTAL,PRT,2017,252977.241
TOTAL,PRT,2018,236114.864
TOTAL,PRT,2019,245614.868
TOTAL,PRT,2020,238821.528
TOTAL,ROU,1990,275754.0
TOTAL,ROU,1991,173989.0
TOTAL,ROU,1992,166688.0
TOTAL,ROU,1993,168206.0
TOTAL,ROU,1994,173770.0
TOTAL,ROU,1995,223038.0
TOTAL,ROU,1996,263046.0
TOTAL,ROU,1997,187503.0
TOTAL,ROU,1998,178410.0
TOTAL,ROU,1999,118099.0
TOTAL,ROU,2000,126151.0
TOTAL,ROU,2001,107387.0
TOTAL,ROU,2002,145601.0
TOTAL,ROU,2003,197100.0
TOTAL,ROU,2004,191269.0
TOTAL,ROU,2005,194935.0
TOTAL,ROU,2006,222880.0
TOTAL,ROU,2007,179802.0
TOTAL,ROU,2008,164264.0
TOTAL,ROU,2009,74342.0
TOTAL,ROU,2010,84471.0
TOTAL,ROU,2011,114615.0
TOTAL,ROU,2012,106877.0
TOTAL,ROU,2013,54207.0
TOTAL,ROU,2014,21643.0
TOTAL,ROU,2015,7512.0
TOTAL,ROU,2016,54722.0
TOTAL,ROU,2017,44317.797
TOTAL,ROU,2018,56210.249
TOTAL,ROU,2019,99372.6
TOTAL,ROU,2020,79479.534
TOTAL,SRB,1990,95836.0
TOTAL,SRB,1991,88180.0
TOTAL,SRB,1992,73176.0
TOTAL,SRB,1993,33628.0
TOTAL,SRB,1994,24505.0
TOTAL,SRB,1995,31216.0
TOTAL,SRB,1996,69820.0
TOTAL,SRB,1997,77851.0
TOTAL,SRB,1998,67626.0
TOTAL,SRB,1999,40422.0
TOTAL,SRB,2000,42314.0
TOTAL,SRB,2001,59362.0
TOTAL,SRB,2002,64030.0
TOTAL,SRB,2003,70955.0
TOTAL,SRB,2004,95592.0
TOTAL,SRB,2005,79940.0
TOTAL,SRB,2006,81682.0
TOTAL,SRB,2007,84136.0
TOTAL,SRB,2008,83149.0
TOTAL,SRB,2009,58673.0
TOTAL,SRB,2010,72890.0
TOTAL,SRB,2011,64732.0
TOTAL,SRB,2012,66297.0
TOTAL,SRB,2013,69916.0
TOTAL,SRB,2014,51661.0
TOTAL,SRB,2015,64461.0
TOTAL,SRB,2016,66499.0
TOTAL,SRB,2017,80849.054
TOTAL,SRB,2018,81430.54
TOTAL,SRB,2019,83811.599
TOTAL,SRB,2020,73709.357
TOTAL,SWE,1990,26840.0
TOTAL,SWE,1991,28675.0
TOTAL,SWE,1992,32366.0
TOTAL,SWE,1993,35323.0
TOTAL,SWE,1994,35067.0
TOTAL,SWE,1995,35102.0
TOTAL,SWE,1996,37613.0
TOTAL,SWE,1997,37155.0
TOTAL,SWE,1998,36826.0
TOTAL,SWE,1999,36905.0
TOTAL,SWE,2000,36092.0
TOTAL,SWE,2001,40720.0
TOTAL,SWE,2002,41439.0
TOTAL,SWE,2003,41322.0
TOTAL,SWE,2004,41142.0
TOTAL,SWE,2005,39199.0
TOTAL,SWE,2006,41024.0
TOTAL,SWE,2007,42358.0
TOTAL,SWE,2008,38450.0
TOTAL,SWE,2009,50684.0
TOTAL,SWE,2010,68195.0
TOTAL,SWE,2011,53900.0
TOTAL,SWE,2012,46827.0
TOTAL,SWE,2013,44440.0
TOTAL,SWE,2014,36939.0
TOTAL,SWE,2015,33662.0
TOTAL,SWE,2016,38064.0
TOTAL,SWE,2017,43870.0
TOTAL,SWE,2018,48205.0
TOTAL,SWE,2019,45694.733
TOTAL,SWE,2020,60377.932
TOTAL,SVN,1990,33639.0
TOTAL,SVN,1991,32570.0
TOTAL,SVN,1992,27960.0
TOTAL,SVN,1993,27714.0
TOTAL,SVN,1994,29434.0
TOTAL,SVN,1995,34902.0
TOTAL,SVN,1996,33377.0
TOTAL,SVN,1997,36497.0
TOTAL,SVN,1998,37797.0
TOTAL,SVN,1999,39489.0
TOTAL,SVN,2000,38125.0
TOTAL,SVN,2001,39299.0
TOTAL,SVN,2002,37898.0
TOTAL,SVN,2003,41982.0
TOTAL,SVN,2004,41608.0
TOTAL,SVN,2005,43049.0
TOTAL,SVN,2006,41673.0
TOTAL,SVN,2007,42408.0
TOTAL,SVN,2008,40757.0
TOTAL,SVN,2009,38563.0
TOTAL,SVN,2010,39860.0
TOTAL,SVN,2011,34234.0
TOTAL,SVN,2012,32953.0
TOTAL,SVN,2013,32065.0
TOTAL,SVN,2014,29002.0
TOTAL,SVN,2015,30784.0
TOTAL,SVN,2016,32600.0
TOTAL,SVN,2017,34170.455
TOTAL,SVN,2018,33515.443
TOTAL,SVN,2019,34026.579
TOTAL,SVN,2020,34003.863
TOTAL,SVK,1990,249025.0
TOTAL,SVK,1991,198870.0
TOTAL,SVK,1992,222888.0
TOTAL,SVK,1993,198105.0
TOTAL,SVK,1994,203710.0
TOTAL,SVK,1995,210880.0
TOTAL,SVK,1996,235501.0
TOTAL,SVK,1997,240167.0
TOTAL,SVK,1998,249140.0
TOTAL,SVK,1999,243945.0
TOTAL,SVK,2000,265484.0
TOTAL,SVK,2001,263569.0
TOTAL,SVK,2002,273122.0
TOTAL,SVK,2003,256076.0
TOTAL,SVK,2004,264166.0
TOTAL,SVK,2005,281273.0
TOTAL,SVK,2006,264567.0
TOTAL,SVK,2007,238667.0
TOTAL,SVK,2008,238647.0
TOTAL,SVK,2009,224072.0
TOTAL,SVK,2010,232724.0
TOTAL,SVK,2011,226185.0
TOTAL,SVK,2012,184190.0
TOTAL,SVK,2013,202729.0
TOTAL,SVK,2014,184049.0
TOTAL,SVK,2015,171542.0
TOTAL,SVK,2016,168251.0
TOTAL,SVK,2017,203191.0
TOTAL,SVK,2018,169857.0
TOTAL,SVK,2019,259722.0
TOTAL,SVK,2020,167459.0
TOTAL,TUR,1990,124750.0
TOTAL,TUR,1991,154541.0
TOTAL,TUR,1992,169937.0
TOTAL,TUR,1993,189738.0
TOTAL,TUR,1994,203412.0
TOTAL,TUR,1995,263542.0
TOTAL,TUR,1996,318304.0
TOTAL,TUR,1997,380260.0
TOTAL,TUR,1998,393563.0
TOTAL,TUR,1999,468106.0
TOTAL,TUR,2000,560616.0
TOTAL,TUR,2001,614878.0
TOTAL,TUR,2002,667112.0
TOTAL,TUR,2003,803993.0
TOTAL,TUR,2004,843063.0
TOTAL,TUR,2005,1029654.0
TOTAL,TUR,2006,1171307.0
TOTAL,TUR,2007,1385956.0
TOTAL,TUR,2008,1424072.0
TOTAL,TUR,2009,1373446.0
TOTAL,TUR,2010,1456993.0
TOTAL,TUR,2011,1680569.0
TOTAL,TUR,2012,1759024.0
TOTAL,TUR,2013,1733986.0
TOTAL,TUR,2014,1886840.0
TOTAL,TUR,2015,1855031.0
TOTAL,TUR,2016,1775476.0
TOTAL,TUR,2017,2116077.0
TOTAL,TUR,2018,1925967.0
TOTAL,TUR,2019,1731656.0
TOTAL,TUR,2020,1843399.255
TOTAL,UKR,1990,3418435.0
TOTAL,UKR,1991,3457090.0
TOTAL,UKR,1992,3377128.0
TOTAL,UKR,1993,2887820.0
TOTAL,UKR,1994,2494496.0
TOTAL,UKR,1995,2477224.0
TOTAL,UKR,1996,2778224.0
TOTAL,UKR,1997,2433127.0
TOTAL,UKR,1998,2089490.0
TOTAL,UKR,1999,2338789.0
TOTAL,UKR,2000,2310776.0
TOTAL,UKR,2001,2221701.0
TOTAL,UKR,2002,2194017.0
TOTAL,UKR,2003,2357979.0
TOTAL,UKR,2004,2424391.0
TOTAL,UKR,2005,2348848.0
TOTAL,UKR,2006,1959623.0
TOTAL,UKR,2007,1882204.0
TOTAL,UKR,2008,1975999.0
TOTAL,UKR,2009,1426247.0
TOTAL,UKR,2010,1375095.0
TOTAL,UKR,2011,1683533.0
TOTAL,UKR,2012,1237329.0
TOTAL,UKR,2013,1051134.0
TOTAL,UKR,2014,731493.0
TOTAL,UKR,2015,618333.0
TOTAL,UKR,2016,409787.0
TOTAL,UKR,2017,523927.0
TOTAL,UKR,2018,393516.0
TOTAL,UKR,2019,442224.82
TOTAL,UKR,2020,343593.0
TOTAL,GBR,1990,287407.0
TOTAL,GBR,1991,259228.0
TOTAL,GBR,1992,220519.0
TOTAL,GBR,1993,174702.0
TOTAL,GBR,1994,118991.0
TOTAL,GBR,1995,70045.0
TOTAL,GBR,1996,71295.0
TOTAL,GBR,1997,50623.0
TOTAL,GBR,1998,38095.0
TOTAL,GBR,1999,46303.0
TOTAL,GBR,2000,93701.0
TOTAL,GBR,2001,109673.0
TOTAL,GBR,2002,217769.0
TOTAL,GBR,2003,310675.0
TOTAL,GBR,2004,478926.0
TOTAL,GBR,2005,624135.0
TOTAL,GBR,2006,878505.0
TOTAL,GBR,2007,1216892.0
TOTAL,GBR,2008,1430514.0
TOTAL,GBR,2009,1672358.0
TOTAL,GBR,2010,2182556.0
TOTAL,GBR,2011,2150889.0
TOTAL,GBR,2012,1995680.0
TOTAL,GBR,2013,1937305.0
TOTAL,GBR,2014,1717087.0
TOTAL,GBR,2015,1783416.506
TOTAL,GBR,2016,1896723.089
TOTAL,GBR,2017,1861271.973
TOTAL,GBR,2018,1861489.821
TOTAL,GBR,2019,1864485.126
TOTAL,KOS,2000,0.0
TOTAL,KOS,2001,0.0
TOTAL,KOS,2002,0.0
TOTAL,KOS,2003,0.0
TOTAL,KOS,2004,0.0
TOTAL,KOS,2005,0.0
TOTAL,KOS,2006,0.0
TOTAL,KOS,2007,0.0
TOTAL,KOS,2008,0.0
TOTAL,KOS,2009,0.0
TOTAL,KOS,2010,0.0
TOTAL,KOS,2011,0.0
TOTAL,KOS,2012,0.0
TOTAL,KOS,2013,0.0
TOTAL,KOS,2014,0.0
TOTAL,KOS,2015,0.0
TOTAL,KOS,2016,0.0
TOTAL,KOS,2017,0.0
TOTAL,KOS,2018,0.0
TOTAL,KOS,2019,0.0
TOTAL,KOS,2020,0.0
NLD,BEL,1995,178873.0
DZA,BEL,1995,166505.0
NOR,BEL,1995,117474.0
ARE,BEL,1995,21813.0
NLD,BEL,1996,219937.0
DZA,BEL,1996,168021.0
NOR,BEL,1996,161895.0
ARE,BEL,1996,2749.0
NLD,BEL,2002,278396.0
NOR,BEL,2002,207287.0
DZA,BEL,2002,132041.0
ARE,BEL,2002,10172.0
NLD,BEL,2018,331473.1
NOR,BEL,2018,293721.2
QAT,BEL,2018,79898.1
GBR,BEL,2018,16101.0
DEU,BEL,2018,15047.0
NOR,BEL,2020,341284.3
NLD,BEL,2020,286129.6
QAT,BEL,2020,98578.8
RUS,BEL,2020,55470.1
USA,BEL,2020,22961.7
NOR,BEL,2009,250426.0
NLD,BEL,2009,243642.0
QAT,BEL,2009,240293.0
GBR,BEL,2009,28959.0
RUS,BEL,2009,19536.0
NOR,BEL,2010,289031.0
NLD,BEL,2010,230141.0
QAT,BEL,2010,220110.0
GBR,BEL,2010,46154.0
DEU,BEL,2010,19218.0
NLD,BEL,2011,253793.0
QAT,BEL,2011,192335.0
NOR,BEL,2011,188891.0
GBR,BEL,2011,151206.0
DEU,BEL,2011,22675.0
NLD,BEL,2012,268580.0
NOR,BEL,2012,239466.0
QAT,BEL,2012,85368.0
GBR,BEL,2012,80547.0
DEU,BEL,2012,35823.0
NLD,BEL,2013,324548.0
NOR,BEL,2013,238562.0
QAT,BEL,2013,60823.0
DEU,BEL,2013,47935.0
GBR,BEL,2013,41946.0
NLD,BEL,2014,284652.6
NOR,BEL,2014,215445.2
GBR,BEL,2014,64312.9
QAT,BEL,2014,49361.3
DEU,BEL,2014,13634.1
NLD,BEL,2015,271425.5
NOR,BEL,2015,214004.2
GBR,BEL,2015,117663.7
QAT,BEL,2015,98474.2
DEU,BEL,2015,8921.8
NLD,BEL,2016,301575.9
NOR,BEL,2016,225148.2
GBR,BEL,2016,95684.3
QAT,BEL,2016,39731.1
DEU,BEL,2016,29146.0
NLD,BEL,2017,338802.9
NOR,BEL,2017,251168.6
QAT,BEL,2017,44485.5
GBR,BEL,2017,28229.7
DEU,BEL,2017,15345.5
NLD,BEL,2019,300105.6
NOR,BEL,2019,266880.5
QAT,BEL,2019,177709.8
RUS,BEL,2019,75176.1
GBR,BEL,2019,39764.0
DZA,BEL,1990,159978.0
NLD,BEL,1990,156577.0
NOR,BEL,1990,65700.0
DZA,BEL,1991,168875.0
NLD,BEL,1991,158610.0
NOR,BEL,1991,75402.0
DZA,BEL,1992,183407.0
NLD,BEL,1992,170180.0
NOR,BEL,1992,71491.0
NLD,BEL,1993,182939.0
DZA,BEL,1993,175314.0
NOR,BEL,1993,82188.0
NLD,BEL,1994,196139.0
DZA,BEL,1994,165037.0
NOR,BEL,1994,93627.0
DZA,BEL,1997,184396.0
NLD,BEL,1997,179300.0
NOR,BEL,1997,161056.0
NLD,BEL,1998,204660.0
NOR,BEL,1998,203489.0
DZA,BEL,1998,170176.0
NOR,BEL,1999,212318.0
NLD,BEL,1999,207589.0
DZA,BEL,1999,166400.0
GBR,BEL,1999,40700.0
NLD,BEL,2000,214969.0
NOR,BEL,2000,199298.0
DZA,BEL,2000,173459.0
GBR,BEL,2000,29959.0
NLD,BEL,2001,280178.0
NOR,BEL,2001,202635.0
DZA,BEL,2001,89431.0
GBR,BEL,2001,13375.0
NGA,BEL,2001,6295.0
NLD,BEL,2003,240797.0
NOR,BEL,2003,215374.0
DZA,BEL,2003,126371.0
NLD,BEL,2004,282935.0
NOR,BEL,2004,251582.0
DZA,BEL,2004,113551.0
RUS,BEL,2004,15322.0
GBR,BEL,2004,12964.0
NLD,BEL,2005,221957.0
NOR,BEL,2005,211617.0
DZA,BEL,2005,128211.0
RUS,BEL,2005,33776.0
GBR,BEL,2005,14475.0
NLD,BEL,2006,254183.0
NOR,BEL,2006,214725.0
DZA,BEL,2006,118639.0
RUS,BEL,2006,28194.0
GBR,BEL,2006,22460.0
NLD,BEL,2007,274535.0
NOR,BEL,2007,230194.0
QAT,BEL,2007,87502.0
GBR,BEL,2007,36792.0
RUS,BEL,2007,31528.0
NLD,BEL,2008,271261.0
NOR,BEL,2008,258852.0
QAT,BEL,2008,110123.0
RUS,BEL,2008,33798.0
GBR,BEL,2008,22189.0
DZA,ESP,1995,213607.0
NOR,ESP,1995,57425.0
LBY,ESP,1995,54497.0
ARE,ESP,1995,13849.0
AUS,ESP,1995,10503.0
DZA,ESP,1996,236808.0
NOR,ESP,1996,58408.0
LBY,ESP,1996,50435.0
ARE,ESP,1996,39398.0
AUS,ESP,1996,1760.0
DZA,ESP,1997,361696.0
NOR,ESP,1997,72169.0
ARE,ESP,1997,49917.0
LBY,ESP,1997,46168.0
QAT,ESP,1997,6904.0
DZA,ESP,1998,373856.0
NOR,ESP,1998,96187.0
LBY,ESP,1998,38021.0
ARE,ESP,1998,25986.0
QAT,ESP,1998,20688.0
DZA,ESP,1999,416533.0
NOR,ESP,1999,96406.0
LBY,ESP,1999,40329.0
QAT,ESP,1999,35323.0
TTO,ESP,1999,29541.0
DZA,ESP,2000,433743.0
NOR,ESP,2000,96681.0
NGA,ESP,2000,78541.0
TTO,ESP,2000,36334.0
LBY,ESP,2000,33442.0
DZA,ESP,2001,406273.0
NGA,ESP,2001,101539.0
NOR,ESP,2001,96586.0
OMN,ESP,2001,40509.0
LBY,ESP,2001,33216.0
DZA,ESP,2002,514858.0
NOR,ESP,2002,95133.0
QAT,ESP,2002,87952.0
NGA,ESP,2002,67260.0
OMN,ESP,2002,45336.0
DZA,ESP,2003,565396.0
NGA,ESP,2003,166592.0
NOR,ESP,2003,97848.0
QAT,ESP,2003,80414.0
LBY,ESP,2003,30390.0
DZA,ESP,2004,587007.0
NGA,ESP,2004,202713.0
QAT,ESP,2004,160170.0
NOR,ESP,2004,93200.0
OMN,ESP,2004,53316.0
DZA,ESP,2005,609182.0
NGA,ESP,2005,220643.0
QAT,ESP,2005,195713.0
EGY,ESP,2005,142389.0
NOR,ESP,2005,89018.0
DZA,ESP,2016,745331.0
NGA,ESP,2016,189941.0
NOR,ESP,2016,138297.0
QAT,ESP,2016,104194.0
PER,ESP,2016,72544.0
DZA,ESP,2017,676834.0
NGA,ESP,2017,178379.0
PER,ESP,2017,142219.0
QAT,ESP,2017,140318.0
NOR,ESP,2017,138952.0
DZA,ESP,2018,723416.0
NGA,ESP,2018,165483.0
QAT,ESP,2018,135672.0
NOR,ESP,2018,128917.0
TTO,ESP,2018,87270.0
DZA,ESP,2019,498221.0
NGA,ESP,2019,172596.0
QAT,ESP,2019,172475.0
USA,ESP,2019,166055.0
RUS,ESP,2019,128226.0
DZA,ESP,2020,382340.0
USA,ESP,2020,205621.0
NGA,ESP,2020,159104.0
RUS,ESP,2020,137090.0
QAT,ESP,2020,116093.0
DZA,ESP,1994,188868.0
LBY,ESP,1994,54515.0
NOR,ESP,1994,42787.0
AUS,ESP,1994,15721.0
DZA,ESP,2008,558928.0
NGA,ESP,2008,333329.0
QAT,ESP,2008,206341.0
TTO,ESP,2008,200874.0
EGY,ESP,2008,186572.0
DZA,ESP,2009,513626.0
QAT,ESP,2009,182747.0
EGY,ESP,2009,182093.0
TTO,ESP,2009,179785.0
NGA,ESP,2009,177164.0
DZA,ESP,2010,486064.0
NGA,ESP,2010,302086.0
QAT,ESP,2010,236386.0
NOR,ESP,2010,135120.0
TTO,ESP,2010,129294.0
DZA,ESP,2011,543425.0
NGA,ESP,2011,282899.0
QAT,ESP,2011,186538.0
NOR,ESP,2011,117738.0
TTO,ESP,2011,99613.0
DZA,ESP,2012,600987.0
NGA,ESP,2012,219448.0
QAT,ESP,2012,163903.0
NOR,ESP,2012,163140.0
PER,ESP,2012,97948.0
DZA,ESP,2013,781826.0
NOR,ESP,2013,157651.0
QAT,ESP,2013,146192.0
NGA,ESP,2013,130232.0
TTO,ESP,2013,83978.0
DZA,ESP,2014,853019.0
NOR,ESP,2014,169237.0
QAT,ESP,2014,126142.0
NGA,ESP,2014,117268.0
TTO,ESP,2014,81207.0
DZA,ESP,1990,129436.0
LBY,ESP,1990,42217.0
DZA,ESP,1991,149575.0
LBY,ESP,1991,55009.0
DZA,ESP,1992,160992.0
LBY,ESP,1992,64157.0
DZA,ESP,1993,174612.0
LBY,ESP,1993,54459.0
NOR,ESP,1993,7757.0
DZA,ESP,2006,471929.0
NGA,ESP,2006,302354.0
QAT,ESP,2006,212971.0
EGY,ESP,2006,191692.0
TTO,ESP,2006,143132.0
DZA,ESP,2007,546332.0
NGA,ESP,2007,346793.0
QAT,ESP,2007,178299.0
EGY,ESP,2007,169042.0
NOR,ESP,2007,88873.0
DZA,ESP,2015,782737.0
NGA,ESP,2015,155966.0
QAT,ESP,2015,122479.0
NOR,ESP,2015,115669.0
TTO,ESP,2015,45918.0
DZA,ITA,1998,869442.0
RUS,ITA,1998,636003.0
NLD,ITA,1998,114948.0
ARE,ITA,1998,4420.0
DZA,ITA,1999,1021156.0
RUS,ITA,1999,727443.0
NLD,ITA,1999,109309.0
NGA,ITA,1999,18212.0
ARE,ITA,1999,7658.0
RUS,ITA,2018,1251487.235
DZA,ITA,2018,684669.421
QAT,ITA,2018,248978.014
LBY,ITA,2018,170169.421
NOR,ITA,2018,120363.615
DZA,ITA,2009,863727.0
RUS,ITA,2009,761962.0
LBY,ITA,2009,349301.0
NLD,ITA,2009,162992.0
NOR,ITA,2009,158496.0
DZA,ITA,2010,1054227.0
RUS,ITA,2010,570128.0
LBY,ITA,2010,358178.0
QAT,ITA,2010,234467.0
AUT,ITA,2010,135103.0
DZA,ITA,2011,874471.0
RUS,ITA,2011,752208.0
QAT,ITA,2011,236411.0
NOR,ITA,2011,139103.0
NLD,ITA,2011,138951.0
DZA,ITA,2012,836409.0
RUS,ITA,2012,688505.0
LBY,ITA,2012,246469.0
QAT,ITA,2012,225743.0
DEU,ITA,2012,110642.0
RUS,ITA,2013,1069581.0
DZA,ITA,2013,476936.0
LBY,ITA,2013,217361.0
QAT,ITA,2013,202768.0
NLD,ITA,2013,105956.0
RUS,ITA,2014,915773.0
DZA,ITA,2014,258204.0
NLD,ITA,2014,248793.0
LBY,ITA,2014,248145.0
QAT,ITA,2014,167145.0
RUS,ITA,2015,1053694.0
DZA,ITA,2015,291160.0
LBY,ITA,2015,269748.0
QAT,ITA,2015,218885.0
NLD,ITA,2015,187300.0
RUS,ITA,2016,1022223.0
DZA,ITA,2016,734797.0
QAT,ITA,2016,210350.0
LBY,ITA,2016,184404.0
NLD,ITA,2016,104470.0
RUS,ITA,2020,1094082.724
DZA,ITA,2020,575992.371
NOR,ITA,2020,281841.054
QAT,ITA,2020,264570.439
LBY,ITA,2020,169926.076
DZA,ITA,2006,1049617.0
RUS,ITA,2006,858012.0
NLD,ITA,2006,357073.0
LBY,ITA,2006,293065.0
NOR,ITA,2006,218885.0
DZA,ITA,2007,936650.0
RUS,ITA,2007,863613.0
LBY,ITA,2007,352082.0
NLD,ITA,2007,306248.0
NOR,ITA,2007,212636.0
DZA,ITA,2008,990295.0
RUS,ITA,2008,894817.0
LBY,ITA,2008,376085.0
NLD,ITA,2008,268605.0
NOR,ITA,2008,210884.0
RUS,ITA,2017,1261410.152
DZA,ITA,2017,743354.051
QAT,ITA,2017,256707.284
LBY,ITA,2017,176819.814
NOR,ITA,2017,99031.577
RUS,ITA,2019,1274421.873
DZA,ITA,2019,509229.551
QAT,ITA,2019,249557.819
NOR,ITA,2019,233956.517
LBY,ITA,2019,217199.147
RUS,ITA,1990,528220.0
DZA,ITA,1990,423200.0
NLD,ITA,1990,226738.0
DZA,ITA,1991,542637.0
RUS,ITA,1991,535627.0
NLD,ITA,1991,203104.0
DZA,ITA,1992,579856.0
RUS,ITA,1992,503757.0
NLD,ITA,1992,233264.0
DZA,ITA,1993,531102.0
RUS,ITA,1993,508561.0
NLD,ITA,1993,206083.0
RUS,ITA,1994,510356.0
DZA,ITA,1994,445088.0
NLD,ITA,1994,169714.0
LBY,ITA,1994,2019.0
DZA,ITA,1995,664352.0
RUS,ITA,1995,526357.0
NLD,ITA,1995,137967.0
DZA,ITA,1996,731109.0
RUS,ITA,1996,516659.0
NLD,ITA,1996,169591.0
DZA,ITA,1997,775030.0
RUS,ITA,1997,523646.0
NLD,ITA,1997,190462.0
DZA,ITA,2000,1071372.0
RUS,ITA,2000,801548.0
NLD,ITA,2000,231915.0
NGA,ITA,2000,83896.0
DZA,ITA,2001,930135.0
RUS,ITA,2001,746531.0
NLD,ITA,2001,266776.0
NGA,ITA,2001,96660.0
NOR,ITA,2001,46520.0
DZA,ITA,2002,920420.0
RUS,ITA,2002,789165.0
NLD,ITA,2002,298133.0
NOR,ITA,2002,186080.0
GBR,ITA,2002,29337.0
DZA,ITA,2003,935774.0
RUS,ITA,2003,826313.0
NLD,ITA,2003,290703.0
NOR,ITA,2003,191643.0
GBR,ITA,2003,47739.0
DZA,ITA,2004,976579.0
RUS,ITA,2004,900074.0
NLD,ITA,2004,307619.0
NOR,ITA,2004,197739.0
GBR,ITA,2004,42672.0
DZA,ITA,2005,1046378.0
RUS,ITA,2005,888721.0
NLD,ITA,2005,306324.0
NOR,ITA,2005,218046.0
LBY,ITA,2005,171183.0
NOR,NLD,2017,866097.103
RUS,NLD,2017,375371.37
GBR,NLD,2017,275665.075
DEU,NLD,2017,211706.0
DNK,NLD,2017,47142.149
NOR,NLD,2018,952394.182
RUS,NLD,2018,660848.572
GBR,NLD,2018,228665.558
DEU,NLD,2018,112504.652
USA,NLD,2018,20023.367
NOR,NLD,2019,827840.611
RUS,NLD,2019,627144.822
GBR,NLD,2019,265130.958
USA,NLD,2019,77050.65
DEU,NLD,2019,71078.352
NOR,NLD,2020,725964.609
RUS,NLD,2020,604022.29
GBR,NLD,2020,376389.404
USA,NLD,2020,96549.568
DEU,NLD,2020,91939.456
NOR,NLD,1999,222499.0
GBR,NLD,1999,111186.0
BEL,NLD,1999,26871.0
GBR,NLD,2000,281881.0
NOR,NLD,2000,217738.0
BEL,NLD,2000,45308.0
DEU,NLD,2000,35406.0
GBR,NLD,2001,290449.0
NOR,NLD,2001,254334.0
DEU,NLD,2001,126321.0
BEL,NLD,2001,41674.0
NOR,NLD,2002,384069.0
GBR,NLD,2002,237140.0
DEU,NLD,2002,209636.0
BEL,NLD,2002,61044.0
NOR,NLD,2003,341036.0
DEU,NLD,2003,262611.0
GBR,NLD,2003,171462.0
BEL,NLD,2003,74113.0
DEU,NLD,2004,260778.0
NOR,NLD,2004,230009.0
GBR,NLD,2004,93283.0
BEL,NLD,2004,44041.0
NOR,NLD,2005,391871.0
RUS,NLD,2005,147725.0
DNK,NLD,2005,98483.0
GBR,NLD,2005,87915.0
DEU,NLD,2005,38673.0
NOR,NLD,2006,462891.0
RUS,NLD,2006,168829.0
DNK,NLD,2006,84414.0
GBR,NLD,2006,73846.0
DEU,NLD,2006,49242.0
NOR,NLD,2007,479523.0
RUS,NLD,2007,158260.0
DNK,NLD,2007,94949.0
GBR,NLD,2007,87915.0
DEU,NLD,2007,49242.0
NOR,NLD,2008,441825.0
RUS,NLD,2008,172063.0
GBR,NLD,2008,144291.0
DNK,NLD,2008,89415.0
DEU,NLD,2008,34406.0
NOR,NLD,2009,447797.0
GBR,NLD,2009,194333.0
RUS,NLD,2009,120921.0
DNK,NLD,2009,68445.0
DEU,NLD,2009,24171.0
NOR,NLD,2010,429593.0
GBR,NLD,2010,235807.0
RUS,NLD,2010,134656.0
DNK,NLD,2010,31339.0
DEU,NLD,2010,26938.0
NOR,NLD,2011,463954.0
GBR,NLD,2011,193866.0
RUS,NLD,2011,67411.0
DEU,NLD,2011,45808.0
DNK,NLD,2011,28405.0
NOR,NLD,2012,554390.0
GBR,NLD,2012,146025.0
RUS,NLD,2012,97717.0
DEU,NLD,2012,84681.0
DNK,NLD,2012,43641.0
NOR,NLD,2013,538375.0
DEU,NLD,2013,143191.0
RUS,NLD,2013,143058.0
GBR,NLD,2013,134856.0
DNK,NLD,2013,46775.0
NOR,NLD,2014,562108.0
RUS,NLD,2014,213570.0
GBR,NLD,2014,121921.0
DEU,NLD,2014,110319.0
DNK,NLD,2014,20203.0
NOR,NLD,2015,708759.861
RUS,NLD,2015,266941.883
GBR,NLD,2015,192005.234
NLD,NLD,2015,96358.414
DEU,NLD,2015,53388.377
NOR,NLD,2016,662457.367
RUS,NLD,2016,420482.039
GBR,NLD,2016,193778.294
NLD,NLD,2016,129534.205
DEU,NLD,2016,84096.429
NOR,NLD,1990,94556.0
NOR,NLD,1991,81444.0
NOR,NLD,1992,98444.0
NOR,NLD,1993,104508.0
GBR,NLD,1993,18270.0
NOR,NLD,1994,109308.0
GBR,NLD,1994,13136.0
NOR,NLD,1995,115608.0
GBR,NLD,1995,12836.0
NOR,NLD,1996,177976.0
GBR,NLD,1996,11802.0
NOR,NLD,1997,218130.0
GBR,NLD,1997,22537.0
NOR,NLD,1998,208917.0
GBR,NLD,1998,31305.0
NGA,PRT,2009,85580.0
DZA,PRT,2009,80906.0
TTO,PRT,2009,16623.0
GNQ,PRT,2009,3348.0
ARE,PRT,2009,3340.0
NGA,PRT,2017,85781.852
DZA,PRT,2017,85417.503
QAT,PRT,2017,23647.367
USA,PRT,2017,21467.93
AGO,PRT,2017,3757.391
NGA,PRT,2020,128452.181
USA,PRT,2020,45077.416
RUS,PRT,2020,23163.505
DZA,PRT,2020,22299.057
QAT,PRT,2020,5503.787
DZA,PRT,1997,4616.0
DZA,PRT,1998,32434.0
DZA,PRT,1999,90866.0
DZA,PRT,2000,82351.0
NGA,PRT,2000,9583.0
MYS,PRT,2000,2930.0
DZA,PRT,2001,93143.0
NGA,PRT,2001,11626.0
DZA,PRT,2002,109956.0
NGA,PRT,2002,16891.0
DZA,PRT,2003,100816.0
NGA,PRT,2003,22152.0
DZA,PRT,2004,97138.0
NGA,PRT,2004,56595.0
DZA,PRT,2005,112022.0
NGA,PRT,2005,69080.0
DZA,PRT,2006,85964.0
NGA,PRT,2006,84376.0
NGA,PRT,2007,115411.0
DZA,PRT,2007,59536.0
NGA,PRT,2008,110359.0
DZA,PRT,2008,82436.0
NGA,PRT,2010,108596.0
DZA,PRT,2010,79092.0
TTO,PRT,2010,6505.0
NGA,PRT,2011,116664.0
DZA,PRT,2011,77848.0
DZA,PRT,2012,84583.0
NGA,PRT,2012,75007.0
QAT,PRT,2012,6637.0
EGY,PRT,2012,4374.0
TTO,PRT,2012,3157.0
DZA,PRT,2013,87600.0
NGA,PRT,2013,43040.0
QAT,PRT,2013,12998.0
NOR,PRT,2013,9939.0
EGY,PRT,2013,3461.0
DZA,PRT,2014,94776.0
QAT,PRT,2014,21608.0
NGA,PRT,2014,11088.0
TTO,PRT,2014,7029.0
NOR,PRT,2014,2509.0
DZA,PRT,2015,98225.0
NGA,PRT,2015,36281.0
QAT,PRT,2015,9476.0
TTO,PRT,2015,3748.0
NOR,PRT,2015,3373.0
DZA,PRT,2016,98692.0
NGA,PRT,2016,36105.0
QAT,PRT,2016,16293.0
USA,PRT,2016,3930.0
NGA,PRT,2018,95948.393
DZA,PRT,2018,62980.812
QAT,PRT,2018,27471.024
USA,PRT,2018,19911.829
NOR,PRT,2018,3345.09
NGA,PRT,2019,131412.955
USA,PRT,2019,52559.798
QAT,PRT,2019,26489.834
DZA,PRT,2019,18163.457
TTO,PRT,2019,4848.519
RUS,GRC,2019,65384.323
TUR,GRC,2019,29221.385
DZA,GRC,2019,22221.747
NOR,GRC,2019,21929.739
QAT,GRC,2019,20151.464
RUS,GRC,2020,89224.045
USA,GRC,2020,58098.593
QAT,GRC,2020,26911.715
TUR,GRC,2020,22139.422
NGA,GRC,2020,11190.314
RUS,GRC,2012,94170.0
DZA,GRC,2012,30074.0
TUR,GRC,2012,23464.0
NOR,GRC,2012,8775.0
EGY,GRC,2012,6267.0
RUS,GRC,2000,58257.0
DZA,GRC,2000,20294.0
RUS,GRC,2001,57470.0
DZA,GRC,2001,20210.0
RUS,GRC,2002,61255.0
DZA,GRC,2002,20367.0
RUS,GRC,2003,70610.0
DZA,GRC,2003,22528.0
RUS,GRC,2004,82524.0
DZA,GRC,2004,18601.0
RUS,GRC,2005,90707.0
DZA,GRC,2005,17788.0
RUS,GRC,2006,102506.0
DZA,GRC,2006,24098.0
RUS,GRC,2007,118819.0
DZA,GRC,2007,36319.0
RUS,GRC,2008,106510.0
DZA,GRC,2008,39885.0
TUR,GRC,2008,16727.0
RUS,GRC,2009,77314.0
TUR,GRC,2009,27192.0
DZA,GRC,2009,21519.0
EGY,GRC,2009,10033.0
TTO,GRC,2009,1777.0
RUS,GRC,2010,78937.0
DZA,GRC,2010,46461.0
TUR,GRC,2010,24894.0
RUS,GRC,2011,109012.0
DZA,GRC,2011,31162.0
TUR,GRC,2011,27405.0
QAT,GRC,2011,6775.0
NGA,GRC,2011,4712.0
RUS,GRC,2013,99201.0
TUR,GRC,2013,26189.0
DZA,GRC,2013,24659.0
ESP,GRC,2013,428.0
RUS,GRC,2014,66318.0
TUR,GRC,2014,24279.0
DZA,GRC,2014,18351.0
NOR,GRC,2014,3264.0
ESP,GRC,2014,2535.0
RUS,GRC,2015,76007.0
TUR,GRC,2015,23946.0
DZA,GRC,2015,15073.0
NOR,GRC,2015,6047.0
NGA,GRC,2015,3304.0
RUS,GRC,2016,102775.0
DZA,GRC,2016,29073.0
TUR,GRC,2016,25893.0
NOR,GRC,2016,3331.0
RUS,GRC,2017,112526.96
DZA,GRC,2017,51019.481
TUR,GRC,2017,24202.48
QAT,GRC,2017,6654.93
NOR,GRC,2017,2145.841
RUS,GRC,2018,125212.18
DZA,GRC,2018,34557.41
TUR,GRC,2018,25799.39
USA,GRC,2018,3892.91
QAT,GRC,2018,3345.56
RUS,GRC,1996,357.0
RUS,GRC,1997,6017.0
RUS,GRC,1998,32111.0
RUS,GRC,1999,56575.0
RUS,TUR,2018,905629.0
IRN,TUR,2018,301179.0
AZE,TUR,2018,288321.0
DZA,TUR,2018,173090.0
QAT,TUR,2018,114169.0
RUS,TUR,2020,619688.2
AZE,TUR,2020,442333.75
DZA,TUR,2020,213473.99
IRN,TUR,2020,203816.7
QAT,TUR,2020,124415.275
RUS,TUR,1995,213063.0
DZA,TUR,1995,40521.0
AUS,TUR,1995,9958.0
RUS,TUR,1996,218960.0
DZA,TUR,1996,96968.0
AUS,TUR,1996,2376.0
RUS,TUR,2007,857649.0
IRN,TUR,2007,238225.0
DZA,TUR,2007,176610.0
NGA,TUR,2007,58857.0
AZE,TUR,2007,48181.0
RUS,TUR,2008,880128.0
AZE,TUR,2008,175549.0
DZA,TUR,2008,158994.0
IRN,TUR,2008,157648.0
NGA,TUR,2008,38993.0
RUS,TUR,2009,745878.0
IRN,TUR,2009,201187.0
AZE,TUR,2009,189980.0
DZA,TUR,2009,171865.0
NGA,TUR,2009,34604.0
RUS,TUR,2010,673241.0
IRN,TUR,2010,297431.0
AZE,TUR,2010,173178.0
DZA,TUR,2010,149637.0
NGA,TUR,2010,45550.0
RUS,TUR,2011,973146.0
IRN,TUR,2011,313704.0
DZA,TUR,2011,159195.0
AZE,TUR,2011,145790.0
NGA,TUR,2011,47788.0
RUS,TUR,2012,1014710.0
IRN,TUR,2012,314677.0
DZA,TUR,2012,156146.0
AZE,TUR,2012,128485.0
NGA,TUR,2012,50636.0
RUS,TUR,2013,1004023.0
IRN,TUR,2013,334403.0
AZE,TUR,2013,162580.0
DZA,TUR,2013,150051.0
NGA,TUR,2013,48770.0
RUS,TUR,2014,1033217.0
IRN,TUR,2014,342130.0
AZE,TUR,2014,232616.0
DZA,TUR,2014,160046.0
NGA,TUR,2014,54146.0
RUS,TUR,2015,1025976.0
IRN,TUR,2015,299782.0
AZE,TUR,2015,236285.0
DZA,TUR,2015,149995.0
QAT,TUR,2015,65384.0
RUS,TUR,2016,939985.0
IRN,TUR,2016,295116.0
AZE,TUR,2016,248204.0
DZA,TUR,2016,164106.0
NGA,TUR,2016,53538.0
RUS,TUR,2017,1098709.0
IRN,TUR,2017,354336.0
AZE,TUR,2017,250678.0
DZA,TUR,2017,176854.0
NGA,TUR,2017,79662.0
RUS,TUR,2019,582050.0
AZE,TUR,2019,367040.0
IRN,TUR,2019,296331.0
DZA,TUR,2019,217504.0
QAT,TUR,2019,94174.0
RUS,TUR,1994,190045.0
DZA,TUR,1994,13367.0
RUS,TUR,1997,252243.0
DZA,TUR,1997,128017.0
RUS,TUR,1998,250648.0
DZA,TUR,1998,121396.0
QAT,TUR,1998,21519.0
RUS,TUR,1999,327952.0
DZA,TUR,1999,140154.0
RUS,TUR,2000,380100.0
DZA,TUR,2000,150948.0
NGA,TUR,2000,29568.0
RUS,TUR,2001,412033.0
DZA,TUR,2001,152250.0
NGA,TUR,2001,50595.0
RUS,TUR,2002,436302.0
DZA,TUR,2002,156282.0
NGA,TUR,2002,48636.0
IRN,TUR,2002,25892.0
RUS,TUR,2003,475732.0
DZA,TUR,2003,148386.0
IRN,TUR,2003,136545.0
NGA,TUR,2003,43330.0
RUS,TUR,2004,531645.0
IRN,TUR,2004,137607.0
DZA,TUR,2004,130956.0
NGA,TUR,2004,42855.0
RUS,TUR,2005,660621.0
IRN,TUR,2005,167209.0
DZA,TUR,2005,158992.0
NGA,TUR,2005,42832.0
RUS,TUR,2006,728211.0
IRN,TUR,2006,220106.0
DZA,TUR,2006,173481.0
NGA,TUR,2006,46531.0
RUS,TUR,1990,124750.0
RUS,TUR,1991,154541.0
RUS,TUR,1992,169937.0
RUS,TUR,1993,189738.0
NOR,GBR,2019,1078490.545
QAT,GBR,2019,351612.107
RUS,GBR,2019,123990.164
USA,GBR,2019,117535.439
NLD,GBR,2019,66028.34
NOR,GBR,2009,994570.0
QAT,GBR,2009,273809.0
NLD,GBR,2009,250303.0
DZA,GBR,2009,62678.0
TTO,GBR,2009,49079.0
NOR,GBR,1998,33748.0
BEL,GBR,1998,4347.0
NOR,GBR,1999,25266.0
BEL,GBR,1999,21037.0
BEL,GBR,2000,53094.0
NOR,GBR,2000,40607.0
BEL,GBR,2001,63832.0
NOR,GBR,2001,45841.0
NOR,GBR,2002,136380.0
BEL,GBR,2002,81389.0
NOR,GBR,2003,258317.0
BEL,GBR,2003,52358.0
NOR,GBR,2004,343323.0
BEL,GBR,2004,135603.0
NOR,GBR,2005,460416.0
BEL,GBR,2005,143929.0
DZA,GBR,2005,16570.0
TTO,GBR,2005,3220.0
NOR,GBR,2006,565333.0
BEL,GBR,2006,145014.0
DZA,GBR,2006,74584.0
EGY,GBR,2006,44874.0
NLD,GBR,2006,32886.0
NOR,GBR,2007,812750.0
NLD,GBR,2007,275762.0
BEL,GBR,2007,74729.0
DZA,GBR,2007,23778.0
TTO,GBR,2007,13874.0
NOR,GBR,2008,1028097.0
NLD,GBR,2008,326027.0
BEL,GBR,2008,43827.0
TTO,GBR,2008,21188.0
DZA,GBR,2008,11375.0
NOR,GBR,2010,1107967.0
QAT,GBR,2010,584582.0
NLD,GBR,2010,313632.0
TTO,GBR,2010,60826.0
BEL,GBR,2010,48846.0
NOR,GBR,2011,935124.0
QAT,GBR,2011,842679.0
NLD,GBR,2011,248404.0
NGA,GBR,2011,46893.0
YEM,GBR,2011,23476.0
NOR,GBR,2012,1128495.0
QAT,GBR,2012,527153.0
NLD,GBR,2012,281730.0
BEL,GBR,2012,51349.0
DZA,GBR,2012,4722.0
NOR,GBR,2013,1150926.0
QAT,GBR,2013,342735.0
NLD,GBR,2013,293470.0
BEL,GBR,2013,127321.0
DZA,GBR,2013,16170.0
NOR,GBR,2014,1003743.0
QAT,GBR,2014,408951.0
NLD,GBR,2014,253053.0
DZA,GBR,2014,20788.0
TTO,GBR,2014,14415.0
NOR,GBR,2015,1110757.211
QAT,GBR,2015,498760.605
NLD,GBR,2015,129358.308
TTO,GBR,2015,18046.434
DZA,GBR,2015,17304.401
NOR,GBR,2016,1259353.868
QAT,GBR,2016,388427.043
NLD,GBR,2016,170798.34
BEL,GBR,2016,58705.572
DZA,GBR,2016,10192.246
NOR,GBR,2017,1416302.465
QAT,GBR,2017,228130.129
BEL,GBR,2017,105941.714
NLD,GBR,2017,74756.782
TTO,GBR,2017,11670.563
NOR,GBR,2018,1355791.847
BEL,GBR,2018,127898.601
QAT,GBR,2018,114117.673
NLD,GBR,2018,108344.82
RUS,GBR,2018,60064.006
NOR,GBR,1990,285468.0
DZA,GBR,1990,1939.0
NOR,GBR,1991,259228.0
NOR,GBR,1992,220519.0
NOR,GBR,1993,174702.0
NOR,GBR,1994,118991.0
NOR,GBR,1995,70045.0
NOR,GBR,1996,71295.0
NOR,GBR,1997,50623.0
ITA,HRV,2012,25188.0
HUN,HRV,2012,14315.0
SVN,HRV,2012,5252.0
FRA,HRV,2012,3249.0
DEU,HRV,2012,2267.0
ITA,HRV,2013,22478.0
HUN,HRV,2013,10578.0
KAZ,HRV,2013,6660.0
AUT,HRV,2013,4771.0
SVN,HRV,2013,2807.0
AUT,HRV,2014,21021.0
HUN,HRV,2014,19523.0
SVN,HRV,2014,1960.0
DEU,HRV,2014,1038.0
AUT,HRV,2015,22641.0
HUN,HRV,2015,14275.0
SVN,HRV,2015,2916.0
DEU,HRV,2015,539.0
AUT,HRV,2016,23109.0
HUN,HRV,2016,20560.0
SVN,HRV,2016,5233.0
HUN,HRV,2017,36994.056
AUT,HRV,2017,24286.145
SVN,HRV,2017,8759.822
GBR,HRV,2017,65.544
HUN,HRV,2018,49261.942
SVN,HRV,2018,11599.58
AUT,HRV,2018,268.152
GBR,HRV,2018,36.868
HUN,HRV,2019,57733.258
SVN,HRV,2019,18539.195
CZE,HRV,2019,778.067
GBR,HRV,2019,58.12
HUN,HRV,2020,57637.448
SVN,HRV,2020,22427.822
CZE,HRV,2020,2753.007
ITA,HRV,2011,31318.0
SVN,HRV,2011,793.0
DEU,HRV,2011,759.0
HUN,HRV,2011,227.0
RUS,HRV,2010,39482.0
HUN,HRV,2010,839.0
SVN,HRV,2010,86.0
RUS,HRV,2008,40504.0
ITA,HRV,2008,4077.0
SVN,HRV,2008,1301.0
RUS,HRV,2009,38315.0
ITA,HRV,2009,944.0
SVN,HRV,2009,189.0
RUS,HRV,1990,26763.0
RUS,HRV,1991,30362.0
RUS,HRV,1992,27398.0
RUS,HRV,1993,30020.0
RUS,HRV,1994,28234.0
RUS,HRV,1995,10408.0
RUS,HRV,1996,33402.0
RUS,HRV,1997,39729.0
RUS,HRV,1998,41952.0
RUS,HRV,1999,42142.0
RUS,HRV,2000,42104.0
RUS,HRV,2001,41162.0
RUS,HRV,2002,41207.0
RUS,HRV,2003,43274.0
RUS,HRV,2004,40037.0
RUS,HRV,2005,43096.0
RUS,HRV,2006,42807.0
RUS,HRV,2007,40094.0
RUS,ROU,2011,98564.0
HUN,ROU,2011,15458.0
AUT,ROU,2011,593.0
RUS,ROU,2012,91505.0
HUN,ROU,2012,14768.0
AUT,ROU,2012,604.0
RUS,ROU,2017,43850.784
BGR,ROU,2017,467.013
RUS,ROU,2018,48671.22
HUN,ROU,2018,6635.029
BGR,ROU,2018,904.0
HUN,ROU,2019,58202.581
RUS,ROU,2019,36678.727
BGR,ROU,2019,4491.292
HUN,ROU,2020,41944.704
RUS,ROU,2020,35577.578
BGR,ROU,2020,1957.252
RUS,ROU,2010,82668.0
HUN,ROU,2010,1803.0
RUS,ROU,2013,49683.0
HUN,ROU,2013,4524.0
RUS,ROU,2014,19296.0
HUN,ROU,2014,2347.0
RUS,ROU,2015,6768.0
HUN,ROU,2015,744.0
RUS,ROU,2016,54119.0
HUN,ROU,2016,603.0
RUS,ROU,1990,275754.0
RUS,ROU,1991,173989.0
RUS,ROU,1992,166688.0
RUS,ROU,1993,168206.0
RUS,ROU,1994,173770.0
RUS,ROU,1995,223038.0
RUS,ROU,1996,263046.0
RUS,ROU,1997,187503.0
RUS,ROU,1998,178410.0
RUS,ROU,1999,118099.0
RUS,ROU,2000,126151.0
RUS,ROU,2001,107387.0
RUS,ROU,2002,145601.0
RUS,ROU,2003,177284.0
TKM,ROU,2003,13112.0
UKR,ROU,2003,6704.0
RUS,ROU,2004,191269.0
RUS,ROU,2005,194935.0
RUS,ROU,2006,209425.0
UZB,ROU,2006,13455.0
RUS,ROU,2007,164124.0
UZB,ROU,2007,8265.0
UKR,ROU,2007,7413.0
RUS,ROU,2008,160150.0
TKM,ROU,2008,4114.0
RUS,ROU,2009,73341.0
TKM,ROU,2009,1001.0
DNK,SWE,2020,29356.375
FIN,SWE,2020,8356.574
RUS,SWE,2020,8240.192
NOR,SWE,2020,5492.023
NLD,SWE,2020,4718.697
DNK,SWE,2017,31271.0
NOR,SWE,2017,7848.0
NLD,SWE,2017,2367.0
BEL,SWE,2017,1717.0
FIN,SWE,2017,449.0
DNK,SWE,2018,33182.0
NOR,SWE,2018,6378.0
NLD,SWE,2018,3994.0
BEL,SWE,2018,3609.0
FIN,SWE,2018,716.0
DNK,SWE,2019,32269.464
NOR,SWE,2019,5921.675
BEL,SWE,2019,3269.821
NLD,SWE,2019,2175.32
FIN,SWE,2019,843.921
DNK,SWE,1990,26840.0
DNK,SWE,1991,28675.0
DNK,SWE,1992,32366.0
DNK,SWE,1993,35323.0
DNK,SWE,1994,35067.0
DNK,SWE,1995,35102.0
DNK,SWE,1996,37613.0
DNK,SWE,1997,37155.0
DNK,SWE,1998,36826.0
DNK,SWE,1999,36905.0
DNK,SWE,2000,36092.0
DNK,SWE,2001,40720.0
DNK,SWE,2002,41439.0
DNK,SWE,2003,41322.0
DNK,SWE,2004,41142.0
DNK,SWE,2005,39199.0
DNK,SWE,2006,41024.0
DNK,SWE,2007,42358.0
DNK,SWE,2008,38450.0
DNK,SWE,2009,50684.0
DNK,SWE,2010,68195.0
DNK,SWE,2011,53652.0
DNK,SWE,2012,46827.0
DNK,SWE,2013,44440.0
DNK,SWE,2014,36939.0
DNK,SWE,2015,33662.0
DNK,SWE,2016,38064.0
RUS,SVN,2006,21337.0
DZA,SVN,2006,13460.0
AUT,SVN,2006,6876.0
RUS,SVN,2007,21657.0
DZA,SVN,2007,13662.0
AUT,SVN,2007,6980.0
ITA,SVN,2007,64.0
HRV,SVN,2007,45.0
RUS,SVN,2008,19289.0
DZA,SVN,2008,12343.0
AUT,SVN,2008,8178.0
ITA,SVN,2008,909.0
HRV,SVN,2008,38.0
RUS,SVN,2009,18706.0
DZA,SVN,2009,11303.0
AUT,SVN,2009,6628.0
ITA,SVN,2009,1885.0
HRV,SVN,2009,41.0
RUS,SVN,2010,18734.0
DZA,SVN,2010,13154.0
AUT,SVN,2010,5979.0
ITA,SVN,2010,1993.0
RUS,SVN,2011,16432.0
DZA,SVN,2011,7874.0
AUT,SVN,2011,7532.0
ITA,SVN,2011,2396.0
RUS,SVN,2012,13839.0
AUT,SVN,2012,11534.0
DZA,SVN,2012,5273.0
ITA,SVN,2012,2307.0
RUS,SVN,2013,18560.0
AUT,SVN,2013,11544.0
ITA,SVN,2013,1924.0
AUT,SVN,2014,17691.0
RUS,SVN,2014,10731.0
HUN,SVN,2014,290.0
AUT,SVN,2015,20316.0
RUS,SVN,2015,9235.0
ITA,SVN,2015,924.0
AUT,SVN,2016,20212.0
RUS,SVN,2016,11084.0
AUT,SVN,2017,25627.841
RUS,SVN,2017,7859.205
AUT,SVN,2018,22622.924
RUS,SVN,2018,10473.576
AUT,SVN,2019,29943.39
RUS,SVN,2019,4004.928
ITA,SVN,2019,78.261
AUT,SVN,2020,30943.515
RUS,SVN,2020,2954.94
ITA,SVN,2020,105.408
RUS,SVN,1992,20094.0
DZA,SVN,1992,7721.0
RUS,SVN,1993,18800.0
DZA,SVN,1993,8726.0
RUS,SVN,1994,16498.0
DZA,SVN,1994,12759.0
RUS,SVN,1995,20989.0
DZA,SVN,1995,13913.0
RUS,SVN,1996,17454.0
DZA,SVN,1996,15923.0
RUS,SVN,1997,19978.0
DZA,SVN,1997,16519.0
RUS,SVN,1998,22173.0
DZA,SVN,1998,15624.0
DZA,SVN,1999,23669.0
RUS,SVN,1999,15820.0
RUS,SVN,2000,22867.0
DZA,SVN,2000,15258.0
RUS,SVN,2001,23587.0
DZA,SVN,2001,15712.0
RUS,SVN,2002,22716.0
DZA,SVN,2002,15182.0
RUS,SVN,2003,25118.0
DZA,SVN,2003,16772.0
HRV,SVN,2003,53.0
ITA,SVN,2003,39.0
RUS,SVN,2004,24912.0
DZA,SVN,2004,16620.0
HRV,SVN,2004,38.0
ITA,SVN,2004,38.0
RUS,SVN,2005,25746.0
DZA,SVN,2005,17189.0
ITA,SVN,2005,76.0
HRV,SVN,2005,38.0
RUS,SVN,1990,33639.0
RUS,SVN,1991,32570.0
RUS,UKR,2013,971004.0
DEU,UKR,2013,33489.0
HUN,UKR,2013,23091.0
AUT,UKR,2013,20071.0
POL,UKR,2013,3479.0
RUS,UKR,2015,230718.0
DEU,UKR,2015,129906.0
HUN,UKR,2015,121686.0
NOR,UKR,2015,77951.0
CHE,UKR,2015,28252.0
CHE,UKR,2016,120851.0
DEU,UKR,2016,95749.0
FRA,UKR,2016,74855.0
GBR,UKR,2016,29762.0
POL,UKR,2016,28221.0
CHE,UKR,2017,212051.0
DEU,UKR,2017,139370.0
POL,UKR,2017,56141.0
FRA,UKR,2017,38229.0
HUN,UKR,2017,28868.0
CHE,UKR,2018,146742.0
DEU,UKR,2018,119385.0
POL,UKR,2018,28221.0
GBR,UKR,2018,26192.0
HUN,UKR,2018,21758.0
CHE,UKR,2019,196645.408
DEU,UKR,2019,128663.14
POL,UKR,2019,25150.921
CZE,UKR,2019,22704.597
HUN,UKR,2019,20848.246
SVK,UKR,2020,121895.0
CHE,UKR,2020,67471.0
HUN,UKR,2020,57370.0
DEU,UKR,2020,33129.0
USA,UKR,2020,30795.0
RUS,UKR,2014,543019.0
DEU,UKR,2014,104636.0
HUN,UKR,2014,47291.0
NOR,UKR,2014,33528.0
CHE,UKR,2014,2561.0
RUS,UKR,2012,1235337.0
DEU,UKR,2012,1992.0
TKM,UKR,2002,1079957.0
RUS,UKR,2002,1063919.0
KAZ,UKR,2002,42571.0
UZB,UKR,2002,7570.0
TKM,UKR,2008,1174351.0
UZB,UKR,2008,387730.0
KAZ,UKR,2008,362192.0
RUS,UKR,2008,51726.0
RUS,UKR,2009,833529.0
UZB,UKR,2009,234273.0
KAZ,UKR,2009,189277.0
TKM,UKR,2009,169168.0
RUS,UKR,2011,1503204.0
TKM,UKR,2011,65335.0
UZB,UKR,2011,57574.0
KAZ,UKR,2011,57420.0
RUS,UKR,1991,3457090.0
RUS,UKR,1992,2906368.0
TKM,UKR,1992,470760.0
RUS,UKR,1993,1970767.0
TKM,UKR,1993,917053.0
RUS,UKR,1994,2064075.0
TKM,UKR,1994,430421.0
RUS,UKR,1995,1997044.0
TKM,UKR,1995,480180.0
RUS,UKR,1996,2064158.0
TKM,UKR,1996,714066.0
RUS,UKR,1997,1925699.0
TKM,UKR,1997,463558.0
UZB,UKR,1997,43870.0
RUS,UKR,1998,2089490.0
RUS,UKR,1999,1995413.0
TKM,UKR,1999,343376.0
RUS,UKR,2000,2026983.0
TKM,UKR,2000,254879.0
UZB,UKR,2000,28914.0
RUS,UKR,2001,1133238.0
TKM,UKR,2001,986465.0
UZB,UKR,2001,101998.0
RUS,UKR,2003,1232447.0
TKM,UKR,2003,1032703.0
UZB,UKR,2003,92829.0
RUS,UKR,2004,1259839.0
TKM,UKR,2004,1164552.0
TKM,UKR,2005,1371046.0
RUS,UKR,2005,903937.0
UZB,UKR,2005,73865.0
RUS,UKR,2010,1375095.0
RUS,BGR,2020,85173.644
GRC,BGR,2020,24594.611
ROU,BGR,2020,2708.743
AZE,BGR,2020,739.609
RUS,BGR,2018,120315.72
ROU,BGR,2018,79.388
GRC,BGR,2018,60.192
RUS,BGR,2019,90784.704
GRC,BGR,2019,22841.184
ROU,BGR,2019,715.038
RUS,BGR,1990,252614.0
RUS,BGR,1991,209228.0
RUS,BGR,1992,188931.0
RUS,BGR,1993,175690.0
RUS,BGR,1994,173913.0
RUS,BGR,1995,212258.0
RUS,BGR,1996,220040.0
RUS,BGR,1997,179192.0
RUS,BGR,1998,145145.0
RUS,BGR,1999,128240.0
RUS,BGR,2000,127563.0
RUS,BGR,2001,127044.0
RUS,BGR,2002,116222.0
RUS,BGR,2003,109593.0
RUS,BGR,2004,111129.0
RUS,BGR,2005,114340.0
RUS,BGR,2006,121355.0
RUS,BGR,2007,128088.0
RUS,BGR,2008,130460.0
RUS,BGR,2009,99130.0
RUS,BGR,2010,99133.0
RUS,BGR,2011,105337.0
RUS,BGR,2012,95029.0
RUS,BGR,2013,103540.0
RUS,BGR,2014,103460.0
RUS,BGR,2015,117186.0
RUS,BGR,2016,120650.0
RUS,BGR,2017,126672.523
RUS,DEU,1996,1217704.0
NLD,DEU,1996,996760.0
NOR,DEU,1996,632264.0
DNK,DEU,1996,44577.0
GBR,DEU,1996,18660.0
RUS,DEU,1991,899264.0
NLD,DEU,1991,789635.0
NOR,DEU,1991,340911.0
DNK,DEU,1991,29486.0
CZE,DEU,1991,4361.0
RUS,DEU,1990,981006.0
NLD,DEU,1990,652396.0
NOR,DEU,1990,336170.0
DNK,DEU,1990,16245.0
RUS,DEU,1992,838330.0
NLD,DEU,1992,834641.0
NOR,DEU,1992,387390.0
DNK,DEU,1992,31318.0
FRA,DEU,1992,23999.0
RUS,DEU,1993,945645.0
NLD,DEU,1993,883342.0
NOR,DEU,1993,393148.0
DNK,DEU,1993,31282.0
FRA,DEU,1993,6048.0
RUS,DEU,1994,1095350.0
NLD,DEU,1994,793608.0
NOR,DEU,1994,424842.0
DNK,DEU,1994,34314.0
GBR,DEU,1994,22875.0
RUS,DEU,1995,1205187.0
NLD,DEU,1995,840951.0
NOR,DEU,1995,469546.0
DNK,DEU,1995,34800.0
GBR,DEU,1995,21646.0
RUS,DEU,1997,1149679.0
NLD,DEU,1997,831931.0
NOR,DEU,1997,754943.0
DNK,DEU,1997,95421.0
GBR,DEU,1997,13261.0
RUS,DEU,1998,1225235.0
NLD,DEU,1998,746474.0
NOR,DEU,1998,695423.0
DNK,DEU,1998,93060.0
RUS,DEU,1999,1290507.0
NOR,DEU,1999,720273.0
NLD,DEU,1999,704733.0
RUS,DEU,2000,1299906.0
NOR,DEU,2000,757969.0
NLD,DEU,2000,628513.0
RUS,DEU,2001,1235435.0
NOR,DEU,2001,831264.0
NLD,DEU,2001,703016.0
RUS,DEU,2002,1249659.0
NOR,DEU,2002,964662.0
NLD,DEU,2002,683059.0
RUS,DEU,2003,1289726.0
NOR,DEU,2003,1008792.0
NLD,DEU,2003,686149.0
RUS,DEU,2004,1468430.0
NOR,DEU,2004,1003452.0
NLD,DEU,2004,781384.0
RUS,DEU,2005,1490319.0
NOR,DEU,2005,1074263.0
NLD,DEU,2005,789333.0
RUS,DEU,2006,1490488.0
NOR,DEU,2006,1150183.0
NLD,DEU,2006,795014.0
RUS,DEU,2007,1464026.0
NOR,DEU,2007,1046701.0
NLD,DEU,2007,717272.0
RUS,DEU,2008,1511609.0
NOR,DEU,2008,1064477.0
NLD,DEU,2008,746358.0
RUS,DEU,2009,1150768.0
NOR,DEU,2009,1096350.0
NLD,DEU,2009,767930.0
RUS,DEU,2010,1325441.0
NOR,DEU,2010,1116382.0
NLD,DEU,2010,851813.0
RUS,DEU,2011,1281120.0
NOR,DEU,2011,1069605.0
NLD,DEU,2011,892506.0
RUS,DEU,2012,1272265.0
NLD,DEU,2012,1011835.0
NOR,DEU,2012,954485.0
RUS,DEU,2013,1558631.0
NLD,DEU,2013,1207497.0
NOR,DEU,2013,789784.0
RUS,DEU,2014,1450379.0
NLD,DEU,2014,1093730.0
NOR,DEU,2014,811005.0
RUS,DEU,2015,1700891.0
NLD,DEU,2015,1320260.0
NOR,DEU,2015,857516.0
RUS,DEU,2020,2045449.486
NOR,DEU,2020,642700.831
NLD,DEU,2020,359134.724
RUS,DEU,2016,2287481.0
NOR,DEU,2016,417362.0
RUS,DEU,2017,2420366.562
NOR,DEU,2017,433211.418
RUS,DEU,2018,1680696.766
NOR,DEU,2018,95921.526
RUS,DEU,2019,1803194.439
NOR,DEU,2019,102912.771
NOR,FRA,2011,710530.35
NLD,FRA,2011,359478.479
RUS,FRA,2011,282116.424
DZA,FRA,2011,231775.861
NGA,FRA,2011,142154.301
NOR,FRA,2012,835338.919
NLD,FRA,2012,316034.863
RUS,FRA,2012,313518.525
DZA,FRA,2012,160334.816
NGA,FRA,2012,106988.547
NOR,FRA,2013,794393.008
RUS,FRA,2013,392974.766
NLD,FRA,2013,305075.646
DZA,FRA,2013,202012.718
BEL,FRA,2013,79028.183
NOR,FRA,2014,850640.736
RUS,FRA,2014,267760.652
NLD,FRA,2014,239629.352
DZA,FRA,2014,174475.913
BEL,FRA,2014,123258.9
NOR,FRA,2015,877572.888
RUS,FRA,2015,237809.998
NLD,FRA,2015,223479.578
DZA,FRA,2015,160390.379
BEL,FRA,2015,101464.092
NOR,FRA,2016,818293.792
RUS,FRA,2016,392199.021
NLD,FRA,2016,217861.295
DZA,FRA,2016,196472.44
BEL,FRA,2016,77681.119
NOR,FRA,2017,845462.132
RUS,FRA,2017,378983.407
NLD,FRA,2017,204223.967
DZA,FRA,2017,157755.803
NGA,FRA,2017,123895.116
NOR,FRA,2018,789088.464
RUS,FRA,2018,409786.128
NLD,FRA,2018,198580.312
DZA,FRA,2018,143955.717
NGA,FRA,2018,136143.355
NOR,FRA,2019,813414.448
RUS,FRA,2019,449858.107
NGA,FRA,2019,196550.278
NLD,FRA,2019,170079.226
DZA,FRA,2019,157090.856
NOR,FRA,2020,695390.296
RUS,FRA,2020,324908.143
DZA,FRA,2020,151297.052
NLD,FRA,2020,144572.041
NGA,FRA,2020,142880.71
RUS,FRA,1990,392123.0
DZA,FRA,1990,375836.0
NOR,FRA,1990,227221.0
NLD,FRA,1990,152374.0
RUS,FRA,1991,421312.0
DZA,FRA,1991,371779.0
NOR,FRA,1991,239130.0
NLD,FRA,1991,185504.0
RUS,FRA,1992,446260.0
DZA,FRA,1992,379361.0
NOR,FRA,1992,251291.0
NLD,FRA,1992,204156.0
RUS,FRA,1993,425974.0
DZA,FRA,1993,364957.0
NOR,FRA,1993,242122.0
NLD,FRA,1993,167601.0
RUS,FRA,1994,450443.0
DZA,FRA,1994,324411.0
NOR,FRA,1994,302378.0
NLD,FRA,1994,172706.0
RUS,FRA,1995,481748.0
NOR,FRA,1995,318827.0
DZA,FRA,1995,304272.0
NLD,FRA,1995,182859.0
RUS,FRA,1996,458287.0
NOR,FRA,1996,426974.0
DZA,FRA,1996,304963.0
NLD,FRA,1996,215435.0
NOR,FRA,1997,442224.0
RUS,FRA,1997,405029.0
DZA,FRA,1997,384012.0
NLD,FRA,1997,188168.0
NOR,FRA,1998,433991.0
DZA,FRA,1998,400723.0
RUS,FRA,1998,400479.0
NLD,FRA,1998,199202.0
NOR,FRA,1999,536137.0
RUS,FRA,1999,482256.0
DZA,FRA,1999,414641.0
NLD,FRA,1999,205682.0
NOR,FRA,2000,504950.0
RUS,FRA,2000,480910.0
DZA,FRA,2000,406598.0
NLD,FRA,2000,199885.0
NOR,FRA,2001,494194.0
RUS,FRA,2001,414356.0
DZA,FRA,2001,402278.0
NLD,FRA,2001,199735.0
NOR,FRA,2002,516752.0
RUS,FRA,2002,422700.0
DZA,FRA,2002,419653.0
NLD,FRA,2002,208636.0
NGA,FRA,2002,133731.0
NOR,FRA,2003,512080.0
RUS,FRA,2003,412639.0
DZA,FRA,2003,391146.0
NLD,FRA,2003,281880.0
NGA,FRA,2003,147185.0
NOR,FRA,2004,502480.0
RUS,FRA,2004,384910.0
NLD,FRA,2004,354799.0
DZA,FRA,2004,232641.0
NGA,FRA,2004,150952.0
NOR,FRA,2005,447040.0
RUS,FRA,2005,378093.0
NLD,FRA,2005,314150.0
DZA,FRA,2005,309486.0
NGA,FRA,2005,146596.0
NOR,FRA,2006,529322.0
NLD,FRA,2006,346253.0
DZA,FRA,2006,293945.0
RUS,FRA,2006,292239.0
NGA,FRA,2006,170787.0
NOR,FRA,2007,551378.0
NLD,FRA,2007,324846.0
DZA,FRA,2007,312356.0
RUS,FRA,2007,238022.0
NGA,FRA,2007,126113.0
NOR,FRA,2008,590440.0
NLD,FRA,2008,333490.0
DZA,FRA,2008,303286.0
RUS,FRA,2008,270682.0
NGA,FRA,2008,96678.0
NOR,FRA,2009,614858.0
DZA,FRA,2009,306152.0
NLD,FRA,2009,306065.0
RUS,FRA,2009,278432.0
EGY,FRA,2009,61445.0
NOR,FRA,2010,656916.0
NLD,FRA,2010,289707.0
RUS,FRA,2010,277390.0
DZA,FRA,2010,265867.0
NGA,FRA,2010,145846.0
NOR,LUX,2007,25003.0
RUS,LUX,2007,12555.0
BEL,LUX,2007,5984.0
DZA,LUX,2007,1816.0
NLD,LUX,2007,534.0
NOR,LUX,2008,23801.0
RUS,LUX,2008,11951.0
BEL,LUX,2008,5696.0
DZA,LUX,2008,1729.0
NLD,LUX,2008,509.0
NOR,LUX,2009,26808.0
RUS,LUX,2009,12420.0
BEL,LUX,2009,6417.0
NLD,LUX,2009,621.0
NOR,LUX,2010,28834.0
RUS,LUX,2010,13360.0
BEL,LUX,2010,6902.0
NLD,LUX,2010,668.0
NOR,LUX,2011,24875.0
RUS,LUX,2011,11525.0
BEL,LUX,2011,5955.0
NLD,LUX,2011,576.0
NOR,LUX,2012,25327.0
RUS,LUX,2012,11735.0
BEL,LUX,2012,6063.0
NLD,LUX,2012,586.0
NOR,LUX,2013,26453.0
RUS,LUX,2013,10432.0
DZA,LUX,2013,41.0
NOR,LUX,2014,25064.0
RUS,LUX,2014,9884.0
DZA,LUX,2014,39.0
NOR,LUX,2015,22858.0
RUS,LUX,2015,9014.0
DZA,LUX,2015,36.0
NOR,LUX,2016,21063.0
RUS,LUX,2016,8319.0
DZA,LUX,2016,41.0
NOR,LUX,2017,10610.915
RUS,LUX,2017,8778.865
DZA,LUX,2017,29.922
NOR,LUX,2018,10465.449
RUS,LUX,2018,8658.515
DZA,LUX,2018,29.512
NOR,LUX,2019,10471.972
RUS,LUX,2019,8663.912
DZA,LUX,2019,29.531
NOR,LUX,2020,9510.772
RUS,LUX,2020,7868.67
DZA,LUX,2020,26.82
BEL,NOR,2010,169.0
GBR,NOR,2010,42.0
SWE,NOR,2010,26.0
SWE,NOR,2018,178.681
BEL,NOR,2018,105.796
NLD,NOR,2018,75.277
FIN,NOR,2018,0.785
NLD,NOR,2019,547.99
BEL,NOR,2019,276.107
SWE,NOR,2019,229.147
FRA,NOR,2019,2.83
FIN,NOR,2019,1.214
NLD,NOR,2020,681.228
RUS,NOR,2020,397.181
SWE,NOR,2020,172.565
FIN,NOR,2020,74.928
SWE,NOR,2011,54.0
SWE,NOR,2012,24.0
RUS,POL,2013,368358.0
DEU,POL,2013,86939.0
CZE,POL,2013,22388.0
BEL,POL,2013,38.0
RUS,POL,2014,342143.0
DEU,POL,2014,90034.0
CZE,POL,2014,15939.0
NOR,POL,2014,3266.0
BEL,POL,2014,266.0
RUS,POL,2015,337432.0
DEU,POL,2015,121666.0
QAT,POL,2015,4965.0
CZE,POL,2015,577.0
BEL,POL,2015,109.0
RUS,POL,2016,421036.0
DEU,POL,2016,101858.0
QAT,POL,2016,40083.0
NOR,POL,2016,3336.0
BEL,POL,2016,263.0
RUS,POL,2017,397306.521
DEU,POL,2017,136324.626
QAT,POL,2017,60732.364
CZE,POL,2017,4489.179
USA,POL,2017,3625.52
RUS,POL,1993,216873.0
DEU,POL,1993,836.0
CZE,POL,1993,157.0
RUS,POL,1994,231196.0
DEU,POL,1994,1306.0
CZE,POL,1994,79.0
RUS,POL,1995,268924.0
DEU,POL,1995,1406.0
UKR,POL,1995,1102.0
CZE,POL,1995,38.0
RUS,POL,1996,266179.0
UKR,POL,1996,24477.0
DEU,POL,1996,3871.0
CZE,POL,1996,38.0
RUS,POL,1997,251969.0
UKR,POL,1997,48270.0
DEU,POL,1997,7442.0
CZE,POL,1997,38.0
RUS,POL,2012,372876.0
DEU,POL,2012,71889.0
CZE,POL,2012,22453.0
RUS,POL,2018,373635.041
DEU,POL,2018,113281.065
QAT,POL,2018,90363.756
CZE,POL,2018,14066.55
NOR,POL,2018,13493.126
RUS,POL,2019,368960.796
DEU,POL,2019,150778.059
QAT,POL,2019,90284.836
USA,POL,2019,36933.261
CZE,POL,2019,17664.16
RUS,POL,2020,368988.573
DEU,POL,2020,138753.644
QAT,POL,2020,90040.512
USA,POL,2020,38872.157
NOR,POL,2020,13396.868
RUS,POL,1998,288997.0
DEU,POL,1998,12798.0
RUS,POL,1999,227696.0
UKR,POL,1999,45478.0
DEU,POL,1999,17872.0
RUS,POL,2000,250404.0
UZB,POL,2000,40024.0
DEU,POL,2000,17808.0
NOR,POL,2000,681.0
RUS,POL,2001,279591.0
UZB,POL,2001,28634.0
DEU,POL,2001,16312.0
NOR,POL,2001,10961.0
RUS,POL,2002,268899.0
NOR,POL,2002,19766.0
DEU,POL,2002,16147.0
UKR,POL,2002,7578.0
RUS,POL,2003,275629.0
UZB,POL,2003,27525.0
NOR,POL,2003,19555.0
DEU,POL,2003,16769.0
UKR,POL,2003,11129.0
RUS,POL,2004,236370.0
UZB,POL,2004,96662.0
NOR,POL,2004,19376.0
DEU,POL,2004,15586.0
TKM,POL,2004,11473.0
RUS,POL,2005,262629.0
UZB,POL,2005,57583.0
KAZ,POL,2005,36107.0
NOR,POL,2005,19426.0
DEU,POL,2005,14145.0
RUS,POL,2006,286175.0
UZB,POL,2006,93040.0
DEU,POL,2006,20360.0
NOR,POL,2006,14453.0
TKM,POL,2006,1549.0
RUS,POL,2007,260533.0
UZB,POL,2007,92049.0
DEU,POL,2007,32679.0
UKR,POL,2007,166.0
RUS,POL,2008,295677.0
TKM,POL,2008,95693.0
DEU,POL,2008,34384.0
UKR,POL,2008,191.0
RUS,POL,2009,311174.0
DEU,POL,2009,41341.0
UKR,POL,2009,203.0
RUS,POL,2010,371296.0
DEU,POL,2010,43050.0
UKR,POL,2010,237.0
RUS,POL,2011,384337.0
DEU,POL,2011,65203.0
RUS,POL,1990,315104.0
RUS,POL,1991,265645.0
RUS,POL,1992,248080.0
RUS,CZE,1995,298569.0
SVK,CZE,1995,227.0
DEU,CZE,1995,75.0
RUS,CZE,1997,321489.0
NOR,CZE,1997,26649.0
DEU,CZE,1997,5972.0
RUS,CZE,1998,312568.0
NOR,CZE,1998,31806.0
DEU,CZE,1998,9819.0
RUS,CZE,1999,283092.0
NOR,CZE,1999,54048.0
DEU,CZE,1999,9071.0
RUS,CZE,2000,272765.0
NOR,CZE,2000,74957.0
DEU,CZE,2000,378.0
RUS,CZE,2002,268981.0
NOR,CZE,2002,99335.0
DEU,CZE,2002,38.0
RUS,CZE,2001,270950.0
NOR,CZE,2001,88944.0
RUS,CZE,2003,265394.0
NOR,CZE,2003,94651.0
RUS,CZE,2004,245182.0
NOR,CZE,2004,88168.0
RUS,CZE,2005,269065.0
NOR,CZE,2005,84661.0
RUS,CZE,2006,276264.0
NOR,CZE,2006,95888.0
RUS,CZE,2007,249564.0
NOR,CZE,2007,68335.0
RUS,CZE,2008,251402.0
NOR,CZE,2008,78741.0
RUS,CZE,2009,216002.0
NOR,CZE,2009,114290.0
RUS,CZE,2010,284231.0
NOR,CZE,2010,40310.0
RUS,CZE,2011,344849.0
NOR,CZE,2011,10679.0
RUS,CZE,2012,284013.0
NOR,CZE,2012,110.0
RUS,CZE,2013,324002.0
NOR,CZE,2013,152.0
RUS,CZE,2014,250213.0
NOR,CZE,2014,26702.0
RUS,CZE,2015,286235.0
NOR,CZE,2015,532.0
RUS,CZE,2016,312307.0
NOR,CZE,2016,80.0
RUS,CZE,2017,338432.0
NOR,CZE,2017,2779.0
RUS,CZE,2018,305672.14
NOR,CZE,2018,1521.514
RUS,CZE,2019,364495.271
NOR,CZE,2019,981.119
RUS,CZE,1990,222627.0
RUS,CZE,1991,256209.0
RUS,CZE,1992,254451.0
RUS,CZE,1993,263918.0
SVK,CZE,1993,460.0
RUS,CZE,1994,266814.0
SVK,CZE,1994,3682.0
RUS,CZE,1996,351241.0
RUS,CZE,2020,291223.427
DEU,DNK,2010,6328.0
NOR,DNK,2011,19630.0
DEU,DNK,2011,15337.0
NOR,DNK,2012,27622.0
DEU,DNK,2012,10606.0
DEU,DNK,2013,40956.0
NOR,DNK,2013,15028.0
NOR,DNK,2014,19524.554
DEU,DNK,2014,6499.458
NOR,DNK,2015,22762.652
DEU,DNK,2015,4729.897
NOR,DNK,2016,20245.968
DEU,DNK,2016,8216.623
NOR,DNK,2017,17376.279
DEU,DNK,2017,4229.867
NOR,DNK,2018,12061.654
DEU,DNK,2018,4074.492
DEU,DNK,2019,40479.543
NOR,DNK,2019,5945.132
DEU,DNK,2020,102953.057
RUS,HUN,1997,237585.0
DEU,HUN,1997,17800.0
FRA,HUN,1997,15648.0
RUS,HUN,1998,267523.0
DEU,HUN,1998,41292.0
FRA,HUN,1998,13059.0
RUS,HUN,1999,291587.0
DEU,HUN,1999,24085.0
FRA,HUN,1999,15551.0
RUS,HUN,2000,298951.0
DEU,HUN,2000,27201.0
FRA,HUN,2000,15640.0
RUS,HUN,2001,319474.0
DEU,HUN,2001,27124.0
FRA,HUN,2001,15609.0
RUS,HUN,2002,362278.0
DEU,HUN,2002,27011.0
FRA,HUN,2002,15663.0
RUS,HUN,2003,419493.0
DEU,HUN,2003,27285.0
FRA,HUN,2003,15618.0
RUS,HUN,2004,347748.0
DEU,HUN,2004,27577.0
FRA,HUN,2004,15783.0
KAZ,HUN,2004,15012.0
TKM,HUN,2004,13988.0
RUS,HUN,2005,335020.0
TKM,HUN,2005,64160.0
DEU,HUN,2005,27152.0
FRA,HUN,2005,15420.0
KAZ,HUN,2005,8481.0
RUS,HUN,2006,351905.0
TKM,HUN,2006,29845.0
DEU,HUN,2006,26605.0
FRA,HUN,2006,15380.0
UZB,HUN,2006,14547.0
RUS,HUN,2007,300491.0
UZB,HUN,2007,54361.0
DEU,HUN,2007,18144.0
FRA,HUN,2007,16430.0
TKM,HUN,2007,5457.0
RUS,HUN,2008,336571.0
TKM,HUN,2008,74024.0
UZB,HUN,2008,17276.0
FRA,HUN,2008,5269.0
DEU,HUN,2008,684.0
RUS,HUN,2009,303996.0
FRA,HUN,2009,24800.0
DEU,HUN,2009,14643.0
TKM,HUN,2009,9708.0
RUS,HUN,2010,346390.0
FRA,HUN,2010,16835.0
DEU,HUN,2010,4867.0
RUS,HUN,2011,304406.0
FRA,HUN,2011,2573.0
RUS,HUN,1990,241444.0
RUS,HUN,1991,231275.0
RUS,HUN,1992,191344.0
RUS,HUN,1993,221831.0
RUS,HUN,1994,210120.0
RUS,HUN,1995,257342.0
RUS,HUN,1996,337982.0
RUS,HUN,2012,307515.0
RUS,HUN,2013,299089.0
RUS,HUN,2014,328641.0
RUS,HUN,2015,250873.0
RUS,HUN,2016,319314.0
RUS,HUN,2017,493356.0
RUS,HUN,2018,469421.0
RUS,HUN,2019,688546.0
RUS,HUN,2020,450167.0
RUS,SVK,2007,236839.0
DEU,SVK,2007,1828.0
RUS,SVK,1990,249025.0
RUS,SVK,1991,198870.0
RUS,SVK,1992,222888.0
RUS,SVK,1993,198105.0
RUS,SVK,1994,203710.0
RUS,SVK,1995,210880.0
RUS,SVK,1996,235501.0
RUS,SVK,1997,240167.0
RUS,SVK,1998,249140.0
RUS,SVK,1999,243945.0
RUS,SVK,2000,265484.0
RUS,SVK,2001,263569.0
RUS,SVK,2002,273122.0
RUS,SVK,2003,256076.0
RUS,SVK,2004,264166.0
RUS,SVK,2005,281273.0
RUS,SVK,2006,264567.0
RUS,SVK,2008,238647.0
RUS,SVK,2009,222395.0
RUS,SVK,2010,232724.0
RUS,SVK,2011,226185.0
RUS,SVK,2012,184190.0
RUS,SVK,2013,202729.0
RUS,SVK,2014,184049.0
RUS,SVK,2015,171542.0
RUS,SVK,2016,166252.0
RUS,SVK,2017,171897.0
RUS,SVK,2018,169857.0
RUS,SVK,2019,259722.0
RUS,SVK,2020,143086.0
RUS,LIE,2020,452.2
NOR,LIE,2020,230.9
DZA,LIE,2020,28.9
RUS,LIE,2017,488.0
NOR,LIE,2017,259.0
NLD,LIE,2017,204.0
RUS,LIE,2019,529.0
NOR,LIE,2019,269.0
RUS,FIN,2020,66458.0
EST,FIN,2020,30467.0
LTU,FIN,2020,1377.0
NOR,FIN,2020,278.0
RUS,FIN,2019,96626.0
NOR,FIN,2019,2169.0
NLD,FIN,2019,383.0
LTU,FIN,2019,375.0
RUS,FIN,2018,99146.0
NOR,FIN,2018,1328.0
NLD,FIN,2018,887.0
RUS,FIN,1990,101546.0
RUS,FIN,1991,107331.0
RUS,FIN,1992,111241.0
RUS,FIN,1993,115511.0
RUS,FIN,1994,127720.0
RUS,FIN,1995,132093.0
RUS,FIN,1996,138037.0
RUS,FIN,1997,135221.0
RUS,FIN,1998,155171.0
RUS,FIN,1999,155283.0
RUS,FIN,2000,159584.0
RUS,FIN,2001,172861.0
RUS,FIN,2002,171783.0
RUS,FIN,2003,190461.0
RUS,FIN,2004,184222.0
RUS,FIN,2005,167783.0
RUS,FIN,2006,180742.0
RUS,FIN,2007,173583.0
RUS,FIN,2008,179672.0
RUS,FIN,2009,162064.0
RUS,FIN,2010,178502.0
RUS,FIN,2011,156304.0
RUS,FIN,2012,139799.0
RUS,FIN,2013,132901.0
RUS,FIN,2014,116925.0
RUS,FIN,2015,104042.0
RUS,FIN,2016,95787.0
RUS,FIN,2017,89099.0
TTO,MLT,2017,7680.621
GNQ,MLT,2017,2502.813
USA,MLT,2017,952.149
EGY,MLT,2017,361.2
NLD,MLT,2017,332.481
TTO,MLT,2019,11891.698
EGY,MLT,2019,2165.521
USA,MLT,2019,353.688
NOR,MLT,2019,349.868
TTO,MLT,2018,5393.111
GNQ,MLT,2018,2442.696
USA,MLT,2018,2366.848
PER,MLT,2018,2354.83
NGA,MLT,2018,2117.049
TTO,MLT,2020,11558.056
USA,MLT,2020,2678.903
RUS,EST,2017,19256.0
FIN,EST,2017,236.0
POL,EST,2017,63.0
RUS,EST,2018,19967.0
LTU,EST,2018,47.0
RUS,EST,2019,18461.8
LTU,EST,2019,180.2
LVA,EST,2020,8690.0
RUS,EST,2020,7920.0
LTU,EST,2020,592.0
RUS,EST,1990,56861.0
RUS,EST,1991,57095.0
RUS,EST,1992,33381.0
RUS,EST,1993,16546.0
RUS,EST,1994,23763.0
RUS,EST,1995,27098.0
RUS,EST,1996,29884.0
RUS,EST,1997,29038.0
RUS,EST,1998,27560.0
RUS,EST,1999,26790.0
RUS,EST,2000,30797.0
RUS,EST,2001,33050.0
RUS,EST,2002,27714.0
RUS,EST,2003,31635.0
RUS,EST,2004,36032.0
RUS,EST,2005,37201.0
RUS,EST,2006,37595.0
RUS,EST,2007,37372.0
RUS,EST,2008,35844.0
RUS,EST,2009,24429.0
RUS,EST,2010,26168.0
RUS,EST,2011,23413.0
RUS,EST,2012,25372.0
RUS,EST,2013,25814.0
RUS,EST,2014,20262.0
RUS,EST,2015,18164.0
RUS,EST,2016,19923.0
RUS,SRB,2008,82243.0
HUN,SRB,2008,906.0
RUS,SRB,2009,57971.0
HUN,SRB,2009,702.0
RUS,SRB,2010,65408.0
HUN,SRB,2010,7482.0
RUS,SRB,2011,54757.0
HUN,SRB,2011,8130.0
KAZ,SRB,2011,1845.0
RUS,SRB,2012,36153.0
HUN,SRB,2012,30144.0
RUS,SRB,2013,42919.0
KAZ,SRB,2013,26997.0
RUS,SRB,1990,95836.0
RUS,SRB,1991,88180.0
RUS,SRB,1992,73176.0
RUS,SRB,1993,33628.0
RUS,SRB,1994,24505.0
RUS,SRB,1995,31216.0
RUS,SRB,1996,69820.0
RUS,SRB,1997,77851.0
RUS,SRB,1998,67626.0
RUS,SRB,1999,40422.0
RUS,SRB,2000,42314.0
RUS,SRB,2001,59362.0
RUS,SRB,2002,64030.0
RUS,SRB,2003,70955.0
RUS,SRB,2004,95592.0
RUS,SRB,2005,79940.0
RUS,SRB,2006,81682.0
RUS,SRB,2007,84136.0
RUS,SRB,2014,51661.0
RUS,SRB,2015,64461.0
RUS,SRB,2016,66499.0
RUS,SRB,2017,80849.054
RUS,SRB,2018,81430.54
RUS,SRB,2019,83811.599
RUS,SRB,2020,73709.357
RUS,LTU,2017,51899.0
NOR,LTU,2017,34260.0
USA,LTU,2017,6962.0
NGA,LTU,2017,3636.0
RUS,LTU,2014,94691.0
NOR,LTU,2014,5358.0
RUS,LTU,2015,82275.0
NOR,LTU,2015,17327.0
NOR,LTU,2016,54242.0
RUS,LTU,2016,33654.0
RUS,LTU,2018,50364.0
NOR,LTU,2018,38351.0
NOR,LTU,2019,57392.0
RUS,LTU,2019,46245.0
USA,LTU,2019,3240.0
RUS,LTU,2020,46315.0
NOR,LTU,2020,41588.0
USA,LTU,2020,22930.0
RUS,LTU,1990,224397.0
RUS,LTU,1991,225277.0
RUS,LTU,1992,128699.0
RUS,LTU,1993,69604.0
RUS,LTU,1994,80526.0
RUS,LTU,1995,94366.0
RUS,LTU,1996,100884.0
RUS,LTU,1997,93134.0
RUS,LTU,1998,81578.0
RUS,LTU,1999,84961.0
RUS,LTU,2000,96042.0
RUS,LTU,2001,99762.0
RUS,LTU,2002,100878.0
RUS,LTU,2003,109550.0
RUS,LTU,2004,108989.0
RUS,LTU,2005,115955.0
RUS,LTU,2006,115342.0
RUS,LTU,2007,138425.0
RUS,LTU,2008,116284.0
RUS,LTU,2009,101849.0
RUS,LTU,2010,115580.0
RUS,LTU,2011,126781.0
RUS,LTU,2012,123541.0
RUS,LTU,2013,100731.0
RUS,AUT,1993,200236.0
NOR,AUT,1993,3604.0
RUS,AUT,1994,177335.0
NOR,AUT,1994,10692.0
RUS,AUT,1995,229374.0
NOR,AUT,1995,10890.0
RUS,AUT,1996,226775.0
NOR,AUT,1996,14810.0
RUS,AUT,1997,210606.0
NOR,AUT,1997,16117.0
RUS,AUT,1998,217030.0
NOR,AUT,1998,16907.0
RUS,AUT,1999,206521.0
NOR,AUT,1999,20538.0
RUS,AUT,2000,197074.0
NOR,AUT,2000,28195.0
RUS,AUT,2001,194813.0
NOR,AUT,2001,32289.0
RUS,AUT,2002,199891.0
NOR,AUT,2002,34631.0
RUS,AUT,2003,239367.0
NOR,AUT,2003,39840.0
RUS,AUT,2004,241615.0
NOR,AUT,2004,37566.0
RUS,AUT,2005,264523.0
NOR,AUT,2005,43724.0
RUS,AUT,2006,234017.0
NOR,AUT,2006,50875.0
RUS,AUT,2007,216419.0
NOR,AUT,2007,56674.0
RUS,AUT,2008,220295.0
NOR,AUT,2008,57689.0
RUS,AUT,2009,277315.0
NOR,AUT,2009,61387.0
RUS,AUT,2010,300320.0
NOR,AUT,2010,66479.0
RUS,AUT,2011,323630.0
NOR,AUT,2011,71639.0
RUS,AUT,2012,339275.0
NOR,AUT,2012,75102.0
RUS,AUT,2013,248733.0
NOR,AUT,2013,55060.0
RUS,AUT,1990,201150.0
RUS,AUT,1991,193549.0
RUS,AUT,1992,193225.0
RUS,MDA,2015,34112.0
ROU,MDA,2015,34.0
RUS,MDA,2016,35126.0
ROU,MDA,2016,33.0
RUS,MDA,2010,40218.0
RUS,MDA,2011,39009.0
RUS,MDA,2012,37091.0
RUS,MDA,2013,34921.0
RUS,MDA,2014,35655.0
RUS,MDA,2017,35006.0
RUS,MDA,2018,38250.0
RUS,MDA,2019,35201.0
RUS,MDA,2020,35764.0
RUS,BIH,2014,7063.0
RUS,BIH,2015,8254.0
RUS,BIH,2016,8592.0
RUS,BIH,2017,9292.0
RUS,BIH,2018,9261.0
RUS,BIH,2019,8745.0
RUS,BIH,2020,7977.0
RUS,LVA,1990,124787.0
RUS,LVA,1991,111630.0
RUS,LVA,1992,99298.0
RUS,LVA,1993,35309.0
RUS,LVA,1994,37797.0
RUS,LVA,1995,46490.0
RUS,LVA,1996,40284.0
RUS,LVA,1997,48755.0
RUS,LVA,1998,51124.0
RUS,LVA,1999,47709.0
RUS,LVA,2000,51790.0
RUS,LVA,2001,50565.0
RUS,LVA,2002,53210.0
RUS,LVA,2003,65403.0
RUS,LVA,2004,80880.0
RUS,LVA,2005,66710.0
RUS,LVA,2006,71174.0
RUS,LVA,2007,61201.0
RUS,LVA,2008,50953.0
RUS,LVA,2009,65117.0
RUS,LVA,2010,42014.0
RUS,LVA,2011,65579.0
RUS,LVA,2012,64115.0
RUS,LVA,2013,64778.0
RUS,LVA,2014,36291.0
RUS,LVA,2015,50364.0
RUS,LVA,2016,42930.0
RUS,LVA,2017,47111.076
RUS,LVA,2018,53749.935
RUS,LVA,2019,51343.214
RUS,LVA,2020,42387.034
RUS,MKD,1998,829.0
RUS,MKD,1999,1563.0
RUS,MKD,2000,2499.0
RUS,MKD,2001,3346.0
RUS,MKD,2002,3477.0
RUS,MKD,2003,3092.0
RUS,MKD,2004,2725.0
RUS,MKD,2005,2902.0
RUS,MKD,2006,3136.0
RUS,MKD,2007,3988.0
RUS,MKD,2008,4529.0
RUS,MKD,2009,2997.0
RUS,MKD,2010,4449.0
RUS,MKD,2011,5131.0
RUS,MKD,2012,5325.0
RUS,MKD,2013,6031.0
RUS,MKD,2014,5164.0
RUS,MKD,2015,5210.0
RUS,MKD,2016,8190.0
RUS,MKD,2017,10541.0
RUS,MKD,2018,9721.0
RUS,MKD,2019,11353.0
RUS,MKD,2020,12967.0
GBR,IRL,1993,190.0
GBR,IRL,1994,106.0
GBR,IRL,1995,3946.0
GBR,IRL,1996,22489.0
GBR,IRL,1997,40261.0
GBR,IRL,1998,64933.0
GBR,IRL,1999,88099.0
GBR,IRL,2000,115259.0
GBR,IRL,2001,136078.0
GBR,IRL,2002,139612.0
GBR,IRL,2003,145769.0
GBR,IRL,2004,137684.0
GBR,IRL,2005,140007.0
GBR,IRL,2006,167522.632
GBR,IRL,2007,182153.143
GBR,IRL,2008,193800.742
GBR,IRL,2009,186662.313
GBR,IRL,2010,208403.258
GBR,IRL,2011,183928.022
GBR,IRL,2012,178557.098
GBR,IRL,2013,172594.0
GBR,IRL,2014,167088.688
GBR,IRL,2015,168442.0
GBR,IRL,2016,79082.0
GBR,IRL,2017,65565.095
GBR,IRL,2018,80961.25
GBR,IRL,2019,112418.229
GBR,IRL,2020,135059.0
